ID,Species,Source,Sex,Site,Lat,Lon,Date,Observation,BM,SVL,Tail,BP,TP,FLP,HLP,ILL,TestesW,TestesL,TestesM,Follicules,FolliculesM,ClutchM,FolliculeD,FatBody
1,merianae,hunted,female,A,NA,NA,10/18/2008,NA,1.6,35.5,56,25,16,7.2,13,NA,NA,NA,NA,77,1.035,NA,0.415,68.82
8,merianae,hunted,female,A,NA,NA,10/18/2008,NA,2.15,39.5,40,28,17.5,8,13.5,NA,NA,NA,NA,78,2.53,NA,0.565,103.12
13,merianae,hunted,female,A,NA,NA,10/18/2008,NA,2.4,42,61,28,18,8,13,NA,NA,NA,NA,140,3.2,NA,0.5575,194.95
19,merianae,hunted,female,A,NA,NA,10/18/2008,NA,2.55,43,39,32,18,9,13.5,NA,NA,NA,NA,149,14.615,NA,1.04,201.95
20,merianae,hunted,female,A,NA,NA,10/18/2008,NA,2.45,44,30,29,17,8,12.5,NA,NA,NA,NA,37,9.76,NA,1.0275,104.16
21,merianae,hunted,female,A,NA,NA,10/18/2008,NA,1.8,37.5,64,26,16,7.5,12,NA,NA,NA,NA,106,2.065,NA,0.4825,103.09
22,merianae,hunted,female,A,NA,NA,10/18/2008,NA,3.1,44.5,57,32,19.5,9,14,NA,NA,NA,NA,133,3.83,NA,0.5075,180.8
24,merianae,hunted,female,A,NA,NA,10/18/2008,NA,2.1,39,67.5,28,16,7.4,12.5,NA,NA,NA,NA,120,2.77,NA,0.3925,220.71
25,merianae,hunted,female,A,NA,NA,10/18/2008,NA,2.3,39.5,34,32.5,18.5,8.5,13,NA,NA,NA,NA,74,8.73,NA,0.85,258.55
27,merianae,hunted,female,A,NA,NA,10/18/2008,NA,1.5,37.5,51,23.5,15,7,11.5,NA,NA,NA,NA,106,1.99,NA,0.43,63.73
34,merianae,hunted,female,A,NA,NA,10/18/2008,NA,1.9,39.5,19,26,17,7.5,12,NA,NA,NA,NA,122,3.04,NA,0.5325,113.26
36,merianae,hunted,female,A,NA,NA,10/18/2008,NA,1.4,36,60,25,13.5,6.5,9.5,NA,NA,NA,NA,106,2.335,NA,0.53,98.3
38,merianae,hunted,female,A,NA,NA,10/18/2008,NA,2.4,42.5,68,28,18,8.5,13,NA,NA,NA,NA,135,5.43,NA,0.51,168.04
40,merianae,hunted,female,A,NA,NA,10/18/2008,NA,1.9,40,33,26,16,7.5,12,NA,NA,NA,NA,121,2.33,NA,0.5325,96.27
41,merianae,hunted,female,A,NA,NA,10/18/2008,NA,2.3,41,50,30,17,8.5,13,NA,NA,NA,NA,97,2.475,NA,0.45,104.6
44,merianae,hunted,female,A,NA,NA,10/18/2008,NA,1.4,36,62.5,22.5,14.5,6.5,10.5,NA,NA,NA,NA,85,1.585,NA,0.3925,55.8
47,merianae,hunted,female,A,NA,NA,10/18/2008,NA,2,39,64.5,27,16.5,7.5,11,NA,NA,NA,NA,146,3.275,NA,0.4725,160.53
48,merianae,hunted,female,A,NA,NA,10/18/2008,NA,2,38,68,26,16,8,12,NA,NA,NA,NA,154,3.445,NA,0.5725,122.65
50,merianae,hunted,female,A,NA,NA,10/18/2008,NA,1.65,37.5,56.5,24.5,15,7.4,11,NA,NA,NA,NA,105,1.96,NA,0.4725,61.82
52,merianae,hunted,female,A,NA,NA,10/18/2008,NA,1.9,40,70.5,26,16,7.5,12.5,NA,NA,NA,NA,107,2.02,NA,0.3225,71.04
54,merianae,hunted,female,A,NA,NA,10/18/2008,NA,2.5,38,66,27,16.5,7.5,12,NA,NA,NA,NA,131,3.025,NA,0.395,147.93
56,merianae,hunted,female,A,NA,NA,10/18/2008,NA,1.25,33,49.5,22.5,14,7,11,NA,NA,NA,NA,116,0.865,NA,0.3375,59.02
60,merianae,hunted,female,A,NA,NA,10/25/2008,NA,1.4,35,56,23.5,14,6.5,11,NA,NA,NA,NA,98,1.95,NA,0.435,65.62
61,merianae/rufescens,hunted,female,A,NA,NA,10/25/2008,NA,2.3,39,59,28,17.5,7.5,13.5,NA,NA,NA,NA,61,1.905,NA,0.6325,163.64
62,merianae,hunted,female,A,NA,NA,10/25/2008,NA,2,38,42,27,16,7,11.5,NA,NA,NA,NA,107,1.62,NA,0.4325,151.9
63,merianae,hunted,female,A,NA,NA,10/25/2008,NA,2.55,41,54,32.5,17.5,8,13,NA,NA,NA,NA,100,8.23,NA,0.875,183.31
64,merianae,hunted,female,A,NA,NA,10/25/2008,NA,1.65,39,32,24,16,8.5,12.5,NA,NA,NA,NA,84,1.665,NA,0.4475,59.86
65,merianae,hunted,female,A,NA,NA,10/25/2008,NA,2.8,40,70,32,18,8.5,13,NA,NA,NA,NA,62,21.975,NA,1.1375,163.29
66,merianae,hunted,female,A,NA,NA,10/25/2008,NA,1.55,35,63,26,15,7,11,NA,NA,NA,NA,89,3.01,NA,0.585,121.2
67,merianae,hunted,female,A,NA,NA,10/25/2008,NA,1.65,37,63,26.5,15.5,7.5,12,NA,NA,NA,NA,134,3.4,NA,0.57,60.03
68,merianae/rufescens,hunted,female,A,NA,NA,10/25/2008,NA,1.3,35,13,25,14.5,7,12,NA,NA,NA,NA,47,1.665,NA,0.54,83.99
72,merianae,hunted,female,A,NA,NA,10/25/2008,NA,1.7,37,61,25,15.5,7.5,12,NA,NA,NA,NA,87,1.36,NA,0.3775,92.59
73,merianae/rufescens,hunted,female,A,NA,NA,10/25/2008,NA,1,31,60.5,20.5,13,6,10,NA,NA,NA,NA,87,0.53,NA,0.34,38.13
74,merianae,hunted,female,A,NA,NA,10/25/2008,NA,1.6,36,53,23,14.5,7,12,NA,NA,NA,NA,98,0.875,NA,0.3475,36.26
75,merianae,hunted,female,A,NA,NA,10/25/2008,NA,2.65,42,66,30,17.5,9,14,NA,NA,NA,NA,105,1.68,NA,0.4275,163.68
77,merianae,hunted,female,A,NA,NA,10/25/2008,NA,1.9,41,55,23.5,16,8,13,NA,NA,NA,NA,116,2.875,NA,0.54,23.82
80,merianae,hunted,female,A,NA,NA,11/2/2008,NA,2.6,40,68,31,18,8,13,NA,NA,NA,NA,48,18.665,NA,1.16,175.53
81,merianae,hunted,female,A,NA,NA,11/2/2008,NA,1.7,36.5,46.5,28,15,7.5,12,NA,NA,NA,NA,76,4.84,NA,0.75,93.28
83,merianae,hunted,female,A,NA,NA,11/2/2008,NA,2.2,41,68,28.5,16.5,8,13,NA,NA,NA,NA,101,13.075,NA,0.955,129.03
84,merianae,hunted,female,A,NA,NA,11/2/2008,NA,2.1,39.5,45,29,16,8.5,12,NA,NA,NA,NA,57,17.5,NA,1.045,90.54
85,merianae,hunted,female,A,NA,NA,11/2/2008,NA,1.3,35.5,15,23.5,15,7,11,NA,NA,NA,NA,93,1.56,NA,0.4525,50.43
87,merianae,hunted,female,A,NA,NA,11/2/2008,NA,2,38.5,25,28.5,15.5,8,12,NA,NA,NA,NA,144,3.33,NA,0.56,122.8
90,merianae,hunted,female,A,NA,NA,11/2/2008,NA,1.9,38.5,68,28,16,7.5,12,NA,NA,NA,NA,40,7.41,NA,0.905,117.85
91,merianae,hunted,female,A,NA,NA,11/2/2008,NA,1.7,37,53,26,16,7,12,NA,NA,NA,NA,122,4.32,NA,0.6,100.36
93,merianae,hunted,female,A,NA,NA,11/2/2008,NA,1.6,38,26,25,15.5,7,11,NA,NA,NA,NA,69,5.405,NA,0.655,75.12
94,merianae,hunted,female,A,NA,NA,11/2/2008,NA,1.2,35,64,22,13.5,6.5,10.5,NA,NA,NA,NA,90,1.43,NA,0.4625,39.2
96,merianae,hunted,female,A,NA,NA,11/2/2008,NA,1.25,34,53.5,23,14,7,11,NA,NA,NA,NA,78,0.93,NA,0.3975,62.35
97,merianae,hunted,female,A,NA,NA,11/2/2008,NA,2,40,17,28,16.5,8,12.5,NA,NA,NA,NA,109,4.695,NA,0.6875,190.03
98,merianae,hunted.longcautivity,female,A,NA,NA,11/2/2008,NA,1.5,37,63,24,15,7,11,NA,NA,NA,NA,96,1.815,NA,0.5125,96.48
100,merianae,hunted.longcautivity,female,A,NA,NA,11/2/2008,NA,1.2,35,21,22,13.5,7,10.5,NA,NA,NA,NA,102,1.78,NA,0.4725,68.3
101,merianae,hunted.longcautivity,female,A,NA,NA,11/2/2008,NA,1.35,38,14,24,14.5,7.5,11,NA,NA,NA,NA,61,0.91,NA,0.425,48.79
102,merianae,hunted.longcautivity,female,A,NA,NA,11/2/2008,NA,1.15,34,55,21.5,14,6,9.5,NA,NA,NA,NA,122,1.46,NA,0.36,55.27
104,merianae,hunted.longcautivity,female,A,NA,NA,11/2/2008,NA,0.8,31,57,18.5,12,5.5,9,NA,NA,NA,NA,38,0.46,NA,0.29,13.16
105,merianae,hunted.longcautivity,female,A,NA,NA,11/2/2008,NA,1,34,41,19,13,6,10,NA,NA,NA,NA,79,2.78,NA,0.6075,18.15
106,merianae,hunted,female,A,NA,NA,11/8/2008,NA,2.35,41,20,28.5,16.5,8.5,12,NA,NA,NA,NA,39,46.42,NA,1.615,161.97
108,merianae,hunted,female,A,NA,NA,11/8/2008,NA,1.65,36,60,26,15,7,11,NA,NA,NA,NA,161,9.9,NA,0.875,86.89
110,merianae,hunted,female,A,NA,NA,11/8/2008,NA,1.3,34,57.5,22,14,6.5,11,NA,NA,NA,NA,132,3.71,NA,0.61,61.59
112,merianae,hunted,female,A,NA,NA,11/8/2008,NA,2.6,41,62,31.5,16,8,12,NA,NA,NA,NA,43,194.39,NA,2.765,53.39
114,merianae,hunted,female,A,NA,NA,11/8/2008,NA,1.3,33,53,24,14,7,11,NA,NA,NA,NA,92,0.5,NA,0.32,17.81
116,merianae,hunted,female,A,NA,NA,11/8/2008,NA,2.65,41.5,23,31,18,8.5,13.5,NA,NA,NA,NA,48,41.28,NA,1.5325,132.04
117,merianae,hunted,female,A,NA,NA,11/8/2008,NA,2,38,63,27,15.5,7.5,12,NA,NA,NA,NA,121,3.17,NA,0.52,124.34
119,merianae,hunted,female,A,NA,NA,11/8/2008,NA,1.7,37,65,25,14.5,7,11,NA,NA,NA,NA,118,6.42,NA,0.705,84.77
120,merianae,hunted,female,A,NA,NA,11/8/2008,NA,1.75,39.5,21,24.5,15.5,7.5,11.5,NA,NA,NA,NA,147,4.935,NA,0.57,105.76
122,merianae,hunted,female,A,NA,NA,11/8/2008,NA,2,40,65.5,26,16,7.5,12,NA,NA,NA,NA,188,3.04,NA,0.4175,65.93
123,merianae,hunted,female,A,NA,NA,11/8/2008,NA,1.7,37,26,25,15,7,11,NA,NA,NA,NA,185,11.07,NA,0.9075,100.23
124,merianae,hunted,female,A,NA,NA,11/8/2008,NA,1.9,38.5,64.5,29.5,15,7,12,NA,NA,NA,NA,160,8.55,NA,0.7225,103.02
126,merianae,hunted,female,A,NA,NA,11/8/2008,NA,0.7,30,19,17.5,12,5.5,8.5,NA,NA,NA,NA,57,0.395,NA,0.3,5.34
130,merianae,hunted,female,A,NA,NA,11/8/2008,NA,2.55,40.5,56.5,31,16.8,8,12.5,NA,NA,NA,NA,43,93.605,NA,2.09,135.68
131,merianae,hunted,female,A,NA,NA,11/8/2008,NA,2.25,38.5,39.5,29,16,7.5,12,NA,NA,NA,NA,35,101.54,NA,2.4225,111.05
139,merianae,hunted,female,A,NA,NA,11/8/2008,NA,1.6,35.5,63,23,15.5,6.5,11,NA,NA,NA,NA,97,3.335,NA,0.575,88.15
140,merianae,hunted,female,A,NA,NA,11/8/2008,NA,1.1,33.5,56.5,20.5,12.5,6,9.5,NA,NA,NA,NA,74,1.33,NA,0.4825,6.1
143,merianae,hunted,female,A,NA,NA,11/8/2008,NA,1.8,37.5,63,26,15,6.5,11.5,NA,NA,NA,NA,128,5.285,NA,0.6625,116.28
145,merianae,hunted,female,A,NA,NA,11/8/2008,NA,1.7,38,54,24.5,15,7,11.5,NA,NA,NA,NA,118,1.82,NA,0.5325,69.61
148,merianae,hunted,female,A,NA,NA,11/8/2008,NA,2.1,39,26.5,28,17,7.5,12,NA,NA,NA,NA,115,8.52,NA,0.8375,165.62
149,merianae,hunted,female,A,NA,NA,11/21/2008,Gravid,2.8,43,52,34,15,8,12,NA,NA,NA,NA,46,NA,768.17,NA,64.26
151,rufescens,hunted,female,A,NA,NA,11/21/2008,NA,0.95,33.5,14,21,13,6,9.5,NA,NA,NA,NA,53,4.9,NA,0.93,34.83
155,merianae,hunted,female,A,NA,NA,11/21/2008,NA,1.5,38,65,23,14,7.5,11,NA,NA,NA,NA,86,1.8,NA,0.415,51.83
157,rufescens,hunted,female,A,NA,NA,11/21/2008,NA,1.1,34,57,19,14,6,10,NA,1.78,2.3,2.955,NA,NA,NA,NA,2.48
163,merianae,hunted,female,A,NA,NA,11/21/2008,NA,2.2,40,49,28.5,15.5,7.5,11.5,NA,NA,NA,NA,38,186.195,NA,2.805,48.16
164,merianae,hunted,female,A,NA,NA,11/21/2008,Gravid,2.3,40,57.5,31,16,8,11.5,NA,NA,NA,NA,35,NA,384.87,NA,24.65
165,merianae,hunted,female,A,NA,NA,11/21/2008,NA,2.4,41,69.5,32,16,8,12,NA,NA,NA,NA,44,165.92,NA,2.5,120.83
167,merianae,hunted,female,A,NA,NA,11/21/2008,NA,1.8,39,30,27.5,14.5,7.5,11,NA,NA,NA,NA,38,101.945,NA,2.295,31.13
168,merianae,hunted,female,A,NA,NA,11/21/2008,NA,2.65,43,50,32,18,8.5,13,NA,NA,NA,NA,47,45.05,NA,1.5275,106.33
170,merianae,hunted,female,A,NA,NA,11/21/2008,NA,2.5,42,51,34,16,8,12,NA,NA,NA,NA,47,236.585,NA,2.835,42.8
173,merianae,hunted,female,A,NA,NA,11/29/2008,Gravid,2.55,41.5,44,35.4,15,7.5,11,NA,NA,NA,NA,42,NA,755.99,NA,62.83
174,merianae,hunted,female,A,NA,NA,11/29/2008,Gravid,2.6,42,66,35,15.5,7.5,12,NA,NA,NA,NA,42,NA,732.04,NA,81.44
175,merianae,hunted,female,A,NA,NA,11/29/2008,NA,1.45,39,62,24.5,14.5,7,10,NA,NA,NA,NA,NA,1.315,NA,NA,9.05
180,merianae,hunted,female,A,NA,NA,11/29/2008,NA,1.7,38,40,25.5,14.5,8,12,NA,NA,NA,NA,NA,NA,NA,NA,34.26
183,merianae,hunted,female,A,NA,NA,11/29/2008,NA,1.9,37.5,47,31,15,7,12,NA,NA,NA,NA,35,165.9,NA,2.83,36.53
185,merianae,hunted,female,A,NA,NA,11/29/2008,NA,1.7,41,48.5,26,15,8,11.5,NA,NA,NA,NA,NA,1.67,NA,NA,13.13
188,merianae,hunted,female,A,NA,NA,11/29/2008,NA,1.5,35.5,38,27.5,14.5,7,11,NA,NA,NA,NA,29,81.97,NA,2.2225,23.4
193,merianae,hunted,female,A,NA,NA,11/29/2008,Gravid,2,37.5,62.5,33.5,14,7,8.5,NA,NA,NA,NA,33,NA,590.62,NA,16.64
202,rufescens,hunted,female,A,NA,NA,11/29/2008,NA,0.7,31,10,18.5,12,6,9.5,NA,NA,NA,NA,40,0.175,,0.2975,8.22
204,rufescens,hunted,female,A,NA,NA,12/10/2008,NA,1.65,40.5,15,24.5,15.5,7.5,11.5,19,NA,NA,NA,77,1.335,NA,0.47,24.97
205,merianae,hunted,female,A,NA,NA,12/10/2008,NA,1,35,14,21,13.5,6.5,10.5,17,NA,NA,NA,134,0.975,NA,0.325,20.79
207,merianae,hunted,female,A,NA,NA,12/10/2008,Gravid,1.3,34.5,29,27,12,6,9.5,16.5,NA,NA,NA,24,NA,365.23,NA,0.71
209,merianae,hunted,female,A,NA,NA,12/10/2008,NA,1.65,37.5,42,24,15.5,7.5,11,18.5,NA,NA,NA,50,4.445,NA,0.8575,72.87
210,merianae,hunted,female,A,NA,NA,12/10/2008,Gravid,2,39.5,57,31.5,14.5,7.5,10.5,20,NA,NA,NA,34,NA,540.23,NA,18.99
216,merianae,hunted,female,A,NA,NA,12/10/2008,Gravid,2.1,38.5,68,30,14.5,8,11.5,18.5,NA,NA,NA,31,NA,506.07,NA,40.45
218,merianae,hunted,female,A,NA,NA,12/10/2008,NA,1.25,37,60,21.5,14,6.5,10,16.5,NA,NA,NA,63,0.345,NA,0.2575,21.92
219,merianae,hunted,female,A,NA,NA,12/10/2008,NA,1.05,34.5,57,19.5,13,6,11,16,NA,NA,NA,55,1.27,NA,0.4775,9.71
222,merianae,hunted,female,A,NA,NA,12/10/2008,NA,1.7,37,63,24,16,7,12,17.5,NA,NA,NA,115,1.455,NA,0.48,87.44
223,merianae,hunted,female,A,NA,NA,12/10/2008,NA,0.95,32.5,56,19.5,13,5.5,9.5,15.5,NA,NA,NA,88,0.4,NA,0.295,11
225,merianae,hunted,female,A,NA,NA,12/10/2008,NA,1.1,33.5,57,22,14,6.5,10,16.5,NA,NA,NA,23,4.5,NA,0.76,44.14
226,merianae,hunted,female,A,NA,NA,12/10/2008,NA,1.1,36,67,20,13.5,6.5,10.5,15.5,NA,NA,NA,90,0.935,NA,0.3575,5.46
228,merianae,hunted,female,A,NA,NA,12/10/2008,NA,1.8,38.5,50,26,15.5,7.5,11.5,19,NA,NA,NA,34,34.82,NA,1.62,74.57
230,merianae,hunted,female,A,NA,NA,12/10/2008,NA,0.7,31.5,56.5,18,11.5,5.5,8.5,14.5,NA,NA,NA,70,0.34,NA,0.2925,7.89
232,merianae,hunted.longcautivity,female,A,NA,NA,12/20/2008,NA,1.1,38.5,71,22,13.5,7.5,12,18.5,NA,NA,NA,39,0.72,NA,0.2225,2.38
236,merianae,hunted.longcautivity,female,A,NA,NA,12/20/2008,NA,1.8,39.5,57,26,15.5,7.5,12,19,NA,NA,NA,33,15.67,NA,1.43,56.19
239,merianae,hunted,female,A,NA,NA,12/20/2008,NA,1.9,42.5,74,23,16,7.5,12,20,NA,NA,NA,118,0.325,,0.2025,3.29
240,merianae,hunted,female,A,NA,NA,12/20/2008,NA,1.9,43,51,25.5,15,7.5,12,20,NA,NA,NA,89,0.81,,0.26,16.09
241,merianae,hunted,female,A,NA,NA,12/20/2008,NA,1.45,39,18,25,15,7,11,19,NA,NA,NA,38,0.32,,0.1775,39.22
246,merianae,hunted,female,A,NA,NA,12/20/2008,NA,1.3,33,65.5,22,13.5,6.5,11,15,NA,NA,NA,66,0.445,NA,0.1975,21.5
247,merianae,hunted,female,A,NA,NA,12/20/2008,NA,1.3,36.5,17,22.5,14.5,7,11,17,NA,NA,NA,85,0.695,NA,0.34,40.06
248,rufescens,hunted,female,A,NA,NA,12/20/2008,NA,1.5,38,60,23,15,7,11.5,18.5,NA,NA,NA,NA,0.52,NA,0.245,69.59
250,merianae,hunted,female,A,NA,NA,12/20/2008,NA,1.4,38.5,60.5,22,14,7,10.5,18,NA,NA,NA,71,0.545,NA,0.2275,4.8
251,merianae,hunted,female,A,NA,NA,12/20/2008,NA,1.25,41,36.5,20.5,12,6.5,10,16.5,NA,NA,NA,64,0.285,NA,0.2,2.55
253,merianae,hunted,female,A,NA,NA,12/20/2008,NA,1.7,37.5,50,27,14.5,7,11,18,NA,NA,NA,41,57.94,NA,1.84,32.05
254,merianae,hunted,female,A,NA,NA,12/20/2008,NA,1.15,39.5,58,21,12.5,6.5,9.5,18.5,NA,NA,NA,43,0.495,NA,0.2075,2.41
255,merianae,hunted,female,A,NA,NA,12/20/2008,NA,1.4,40,69,23,14,7,10,18.5,NA,NA,NA,100,0.65,NA,0.19,15.24
256,merianae,hunted,female,A,NA,NA,12/20/2008,NA,1.4,39,63,23.5,14,6.5,10.5,18.5,NA,NA,NA,57,0.535,NA,0.2675,NA
261,merianae,hunted,female,A,NA,NA,1/7/2009,NA,1.9,40,64,24,16,7.5,12,19,NA,NA,NA,102,0.675,NA,0.3375,27.53
262,merianae,hunted,female,A,NA,NA,1/7/2009,NA,1.5,37.5,33,23,15,7,10.5,17.5,NA,NA,NA,80,0.455,NA,0.3175,28.58
263,merianae,hunted,female,A,NA,NA,1/7/2009,NA,1.4,37.5,65.5,20.5,15,7,11,18.5,NA,NA,NA,67,0.36,NA,0.2725,1.45
268,merianae,hunted,female,A,NA,NA,1/7/2009,NA,0.9,34,60,18,12,6,10,16,NA,NA,NA,54,0.2,NA,0.2,0.89
269,merianae,hunted,female,A,NA,NA,1/7/2009,NA,0.9,31.5,38,19,12.5,6,9.5,14,NA,NA,NA,72,0.23,NA,0.2325,7.48
270,merianae,hunted,female,A,NA,NA,1/7/2009,NA,0.95,38.5,9,22.5,12,6.5,10,18,NA,NA,NA,58,0.195,NA,0.19,1.04
271,merianae,hunted,female,A,NA,NA,1/7/2009,NA,1.1,35,61,19,13,6.5,10,16.5,NA,NA,NA,90,0.34,NA,0.24,3.08
274,merianae,hunted,female,A,NA,NA,1/7/2009,NA,1.1,38,62,19.5,13,6.5,10,17,NA,NA,NA,56,0.225,NA,0.225,1.3
275,merianae,hunted,female,A,NA,NA,1/7/2009,NA,1.5,35.5,58,19.5,13,6,10,16.5,NA,NA,NA,74,0.225,NA,0.22,3.07
276,merianae,hunted,female,A,NA,NA,1/7/2009,NA,1.2,35.5,54,19.5,13,6,9.5,18,NA,NA,NA,79,0.355,NA,0.2625,6.03
277,merianae,hunted,female,A,NA,NA,1/7/2009,NA,1.05,35,26,19.5,13.5,6,10,17,NA,NA,NA,63,0.31,NA,0.24,4.45
280,merianae,hunted,female,A,NA,NA,10/8/2009,NA,2.5,41.5,65,28.5,18,8,13.5,20.5,NA,NA,NA,107,1.76,,0.47,173.77
281,merianae,hunted,female,A,NA,NA,10/8/2009,NA,2.15,40.5,41.5,28,17,8,12.5,17.5,NA,NA,NA,150,2.44,,0.45,158.47
282,merianae,hunted,female,A,NA,NA,10/8/2009,NA,1.9,39,31.5,26,16,7.5,11.5,18,NA,NA,NA,111,1.88,,0.44,168.04
283,merianae,hunted,female,A,NA,NA,10/8/2009,NA,2.35,40.5,31,28,17.5,8,13,18,NA,NA,NA,159,2.85,,0.45,168.75
287,merianae,hunted.longcautivity,female,A,NA,NA,10/8/2009,NA,1,32,57,21,13.5,6,9,15,NA,NA,NA,85,0.56,NA,0.32,63.69
291,merianae,hunted,female,A,NA,NA,10/8/2009,NA,1.6,35,63,24,15,7,11,16.5,NA,NA,NA,92,1.39,NA,0.43,147.31
294,merianae,hunted,female,A,NA,NA,10/25/2009,NA,1.75,36.5,52,24,16,7,12,16,NA,NA,NA,115,1.29,NA,0.37,123
295,merianae,hunted,female,A,NA,NA,10/25/2009,NA,1.9,41,67,24,15.5,7,11,20.5,NA,NA,NA,117,3.34,NA,0.55,69.35
298,merianae,hunted,female,A,NA,NA,10/25/2009,NA,2.05,38.5,69,25.5,16.5,7.5,12.5,16.5,NA,NA,NA,106,1.55,NA,0.4,96.02
299,merianae,hunted,female,A,NA,NA,10/25/2009,NA,1.7,37,62,22.5,15,7,10.5,17.5,NA,NA,NA,137,1.9,NA,0.44,50.46
301,merianae,hunted,female,A,NA,NA,10/25/2009,NA,1.65,36.5,62,23,15.5,7,12,18,NA,NA,NA,117,2.76,NA,0.41,86.75
304,merianae,hunted,female,C,NA,NA,10/29/2009,NA,2,38.5,17,27,16.5,8,12,19,NA,NA,NA,115,8.43,NA,0.61,119.64
305,merianae,hunted,female,C,NA,NA,10/29/2009,NA,2.4,40,61,28,17.5,8,12,20,NA,NA,NA,91,4.13,NA,0.62,221.3
306,merianae,hunted,female,C,NA,NA,10/29/2009,NA,2.15,39.5,56,27.5,16.5,7.5,13,20,NA,NA,NA,95,2.9,NA,0.53,162.17
307,merianae/rufescens,hunted,female,A,NA,NA,10/30/2009,NA,1.6,37.5,69,23,15.5,7,12,17,NA,NA,NA,92,2.45,NA,0.48,62.47
308,merianae,hunted,female,A,NA,NA,10/30/2009,NA,1.1,33,62,21,14,6.5,10,13,NA,NA,NA,105,1.09,NA,0.35,32.98
309,merianae,hunted,female,A,NA,NA,10/30/2009,NA,1.6,34.5,64,25,14.5,7,10.5,17,NA,NA,NA,90,1.64,NA,0.49,50.5
315,merianae,hunted,female,C,NA,NA,11/10/2009,NA,1.95,39,50,26,15.5,7.5,11.5,19,NA,NA,NA,43,46.27,NA,1.74,74.59
318,merianae,hunted,female,C,NA,NA,11/14/2009,NA,1.8,36,17.5,27.5,15.5,7,11.5,17,NA,NA,NA,79,12.03,NA,1.13,135.07
322,merianae,hunted,female,A,NA,NA,11/17/2009,NA,2.4,39,63.5,28.5,16,7.5,12,19.5,NA,NA,NA,28,124.52,NA,2.82,64.83
323,merianae,hunted,female,A,NA,NA,11/17/2009,NA,1.45,37,40,21.5,15,7,11,17,NA,NA,NA,62,2.74,NA,0.68,33.43
324,merianae,hunted,female,A,NA,NA,11/17/2009,NA,2.05,39,55,28.5,15,7,11.5,18,NA,NA,NA,NA,NA,NA,NA,26.23
325,merianae,hunted,female,A,NA,NA,11/17/2009,NA,2.4,40,37.5,31.5,17.5,8,12.5,19.5,NA,NA,NA,56,17.57,NA,1.24,138.81
326,merianae,hunted,female,A,NA,NA,11/17/2009,NA,2.05,40,29.5,27,17,7.5,12.5,20,NA,NA,NA,64,5.86,NA,0.88,121.74
327,merianae,hunted,female,A,NA,NA,11/17/2009,NA,1.7,37.5,44,24,15,7,11,19,NA,NA,NA,123,2.6,NA,0.51,109.91
329,merianae,hunted,female,A,NA,NA,11/17/2009,NA,1.2,34,62,22.5,13.5,6,9.5,15.5,NA,NA,NA,45,5.6,NA,0.97,60.65
331,merianae,hunted,female,C,NA,NA,11/22/2009,NA,1,32.5,59,20,13,5.5,9.5,16,NA,NA,NA,73,1.14,NA,0.44,20.61
332,merianae,hunted,female,C,NA,NA,11/22/2009,NA,0.7,29.5,50,18.5,12,5,9,12.5,NA,NA,NA,NA,0.15,NA,NA,3.8
333,merianae,hunted,female,C,NA,NA,11/22/2009,NA,0.5,26.5,50,16,10.5,5,8,12,NA,NA,NA,NA,0.08,NA,0.29,0.98
336,merianae,hunted,female,C,NA,NA,11/22/2009,NA,0.9,33,13,20,12.5,5.5,9,16.5,NA,NA,NA,48,6.42,NA,0.96,24.99
338,merianae,hunted,female,C,NA,NA,11/22/2009,NA,1.75,37.5,63,26.5,14.5,7,10.5,18.5,NA,NA,NA,40,55.99,NA,1.88,106.51
339,rufescens,roadkilled,female,H,"30º53,573´","63º12,795´",11/22/2009,NA,2,39.5,54,29.5,16,7,11.5,19,NA,NA,NA,58,1.56,NA,0.55,54.79
344,merianae,hunted,female,A,NA,NA,11/24/2009,NA,1.7,37,51,25,15,6.5,11.5,18.5,NA,NA,NA,25,4.09,NA,0.86,97.55
345,merianae,hunted,female,A,NA,NA,11/24/2009,NA,1.15,33,57,22.5,13,6,9,15.5,NA,NA,NA,65,0.38,NA,0.26,40.8
348,merianae,hunted,female,A,NA,NA,11/24/2009,NA,2.4,43.5,38.5,29,17,7.5,12,21,NA,NA,NA,41,24.01,NA,1.42,87.54
351,merianae,hunted,female,A,NA,NA,11/24/2009,NA,1.1,31,49,20.5,12,6.5,5.5,14,NA,NA,NA,NA,NA,NA,NA,NA
353,merianae,hunted,female,A,NA,NA,11/24/2009,NA,0.6,27.5,50.5,18,10.5,4.5,7.5,12,NA,NA,NA,NA,NA,NA,NA,NA
355,merianae,hunted,female,D,NA,NA,11/27/2009,NA,1.5,37.5,35,25,15,6.5,11.5,18.5,NA,NA,NA,42,4.22,,0.96,136.23
362,merianae,hunted,female,C,NA,NA,11/27/2009,NA,1.5,37,62,24,14,7,10,18,NA,NA,NA,NA,NA,NA,NA,118.43
365,merianae,hunted,female,C,NA,NA,11/27/2009,NA,0.5,31,25,16.5,11,5.5,8.5,15,NA,NA,NA,,0.19,,0.25,9.08
367,merianae,hunted,female,C,NA,NA,11/27/2009,NA,0.45,29,10.5,16.5,11.5,5,8.5,13.5,NA,NA,NA,NA,0.34,NA,0.36,2.61
369,merianae,hunted.longcautivity,female,A,NA,NA,12/7/2009,NA,NA,NA,NA,NA,NA,NA,NA,NA,NA,NA,NA,NA,272.58,NA,NA,68.62
371,merianae,hunted.longcautivity,female,A,NA,NA,12/7/2009,NA,1.6,37,17,25,15,7,11,18,NA,NA,NA,34,32.3,NA,1.66,64.87
374,merianae,hunted.longcautivity,female,A,NA,NA,12/7/2009,NA,1.6,36,56,25,14.5,7,11.5,18,NA,NA,NA,52,6.09,NA,0.91,73.29
375,merianae,hunted.longcautivity,female,A,NA,NA,12/7/2009,NA,2.3,40.5,63,30,16,7,12,21,NA,NA,NA,42,213.41,NA,2.84,57.75
376,merianae,hunted.longcautivity,female,A,NA,NA,12/7/2009,NA,1.9,39,69,29,15,7,11.5,18,NA,NA,NA,30,132.33,NA,2.75,24.87
381,rufescens,hunted,female,D,NA,NA,12/7/2009,NA,0.4,25.5,46,14,9.5,4,7,12,NA,NA,NA,47,0.19,NA,0.27,4.65
382,merianae,hunted,female,C,NA,NA,12/7/2009,NA,1.35,37.5,34.5,26,13,6.5,10,17,NA,NA,NA,NA,NA,NA,NA,NA
384,merianae,hunted,female,C,NA,NA,12/7/2009,NA,1.35,35.5,33,24,13.5,6.5,10,17,NA,NA,NA,NA,NA,NA,NA,27.55
386,merianae,hunted,female,C,NA,NA,12/7/2009,NA,1.05,32,60,20,12,5,9,15,NA,NA,NA,19,7.62,NA,0.97,22.58
389,merianae,hunted,female,C,NA,NA,12/7/2009,NA,1.2,36,63,21,13.5,6.5,10,17,NA,NA,NA,NA,NA,NA,NA,14.58
392,merianae,hunted.longcautivity,female,C,NA,NA,12/16/2009,NA,1.6,37.5,85,23,16,7.5,12,17,NA,NA,NA,NA,NA,NA,NA,12.72
395,merianae,hunted,female,C,NA,NA,12/23/2009,NA,1.25,34.5,19,27,13,6.5,9,16.5,NA,NA,NA,33,136.16,NA,NA,9.05
396,merianae,hunted,female,C,NA,NA,12/23/2009,NA,1.8,38,66,24,15,7.5,11,19,NA,NA,NA,NA,0.38,NA,NA,5.69
398,merianae,hunted,female,C,NA,NA,12/23/2009,NA,1.2,34.5,59,17,14,6,10.5,21,NA,NA,NA,NA,0.53,NA,0.39,25.25
399,merianae,hunted,female,C,NA,NA,12/23/2009,NA,1,32,50.5,18,13,6.5,10,16,NA,NA,NA,NA,0.4,NA,0.28,1.86
402,merianae,hunted,female,A,"31º33,541'","63º 30,925'",1/13/2010,NA,2.2,38,57,28,15.5,7.5,11.5,15,NA,NA,NA,15,4.53,NA,0.87,83.88
404,merianae,hunted.longcautivity,female,C,NA,NA,1/19/2010,NA,1.3,36,30,22,14.5,6,10,17,NA,NA,NA,NA,0.6,NA,0.33,52.2
406,merianae,hunted.longcautivity,female,C,NA,NA,1/19/2010,NA,0.7,27.5,53,16,11.5,5,8,13,NA,NA,NA,NA,0.05,NA,0.25,2.75
407,merianae,hunted,female,A,"31º27,250'","63º20,247'",1/21/2010,NA,1.9,37.5,48.5,24,16,7.5,12,16.5,NA,NA,NA,NA,0.58,NA,0.33,66.56
410,merianae,hunted,female,A,"31º29,091'","63º20,497'",1/21/2010,NA,1.95,38.5,47,24.5,16,7.5,12,17.5,NA,NA,NA,NA,1.19,NA,0.36,141.82
412,merianae,hunted,female,A,"31º36,933'","63º38,705'",1/28/2010,NA,1.6,37,64,22.5,15,7,11,17.5,NA,NA,NA,NA,0.48,NA,0.34,42.53
413,merianae,hunted,female,A,"31º43,712'","63º44,308",1/28/2010,NA,1.85,41,60,25,15.5,7,11,21,NA,NA,NA,NA,0.36,NA,NA,17.7
414,merianae,hunted,female,A,NA,NA,1/28/2010,NA,1.3,33,59,24,14.5,6.5,11,15.5,NA,NA,NA,NA,0.47,NA,0.29,83.91
418,merianae,hunted,female,C,NA,NA,2/9/2010,NA,2.15,41.5,62,26,16,7.5,12,18.5,NA,NA,NA,NA,1.4,NA,0.35,128.77
419,merianae,hunted,female,C,NA,NA,2/9/2010,NA,1.25,35,63,22,14,6,10.5,16.5,NA,NA,NA,NA,0.41,NA,0.34,24.9
423,rufescens,hunted,female,A,"31º17,632´","63º43,831´",2/9/2010,NA,NA,NA,NA,NA,NA,NA,NA,NA,NA,NA,NA,NA,NA,NA,NA,NA
425,merianae,hunted.longcautivity,female,A,NA,NA,2/25/2010,NA,2.3,39.5,68,27,18,7,12.5,19.5,NA,NA,NA,NA,0.72,NA,0.36,135.57
426,merianae,hunted.longcautivity,female,A,NA,NA,2/25/2010,NA,2.1,41,63,26.5,16,7.5,11.5,19,NA,NA,NA,NA,0.61,NA,0.36,34.87
429,merianae,hunted,female,C,NA,NA,2/25/2010,NA,1.45,34.5,11,26.5,17,7,11,14.5,NA,NA,NA,NA,1.04,NA,0.34,132.21
436,merianae,hunted,female,C,NA,NA,2/25/2010,NA,NA,32.5,47,20,13.5,6,10,16,NA,NA,NA,NA,0.23,NA,NA,11.06
438,merianae,hunted,female,A,NA,NA,3/4/2010,NA,1.85,37,64,25.5,16,7.5,11.5,16,NA,NA,NA,NA,0.62,NA,0.34,94.46
440,merianae,hunted,female,A,NA,NA,3/4/2010,NA,1.9,35.5,66,27.5,15.5,7.5,10.5,17.5,NA,NA,NA,NA,1.13,NA,0.38,175.66
441,merianae,hunted.longcautivity,female,A,NA,NA,3/4/2010,NA,2.3,42.5,55,27.5,16.5,8,12,19.5,NA,NA,NA,NA,0.81,NA,0.33,35.71
442,merianae,hunted,female,A,NA,NA,3/4/2010,NA,NA,NA,NA,NA,NA,NA,NA,NA,NA,NA,NA,NA,NA,NA,NA,NA
443,merianae,hunted,female,C,NA,NA,3/29/2010,NA,1.25,32.5,27,22,14,6,10.5,14.5,NA,NA,NA,NA,0.6,NA,0.36,64.48
444,merianae,hunted,female,C,NA,NA,3/29/2010,NA,1.95,34,62,27,16.5,7.5,11.5,18,NA,NA,NA,NA,0.9,NA,0.39,154.97
447,merianae,hunted,female,C,NA,NA,3/29/2010,NA,1.5,37,30,24.5,14,6,10,17,NA,NA,NA,NA,0.67,NA,0.4,80.39
454,merianae,hunted,female,A,NA,NA,10/13/2010,NA,1.75,38.5,58,25,16,7.5,11.5,19.5,NA,NA,NA,NA,NA,NA,NA,NA
458,merianae,hunted,female,A,NA,NA,10/13/2010,NA,1.05,31.5,59,21.5,13.5,6,10,14.5,NA,NA,NA,NA,NA,NA,NA,NA
463,merianae,hunted,female,A,NA,NA,10/13/2010,NA,1.7,36.5,42,26,16,7,11,18,NA,NA,NA,NA,NA,NA,NA,NA
467,merianae,hunted,female,A,NA,NA,10/13/2010,NA,1.35,35.5,62,22,14,6,10.5,17,NA,NA,NA,NA,NA,NA,NA,NA
468,merianae,hunted,female,A,NA,NA,10/13/2010,NA,2.45,41,68,31.5,17,8,12.5,19.5,NA,NA,NA,NA,NA,NA,NA,267.11
469,merianae,hunted,female,A,NA,NA,10/13/2010,NA,1.3,34,56,22.5,14.5,6.5,11,15,NA,NA,NA,NA,NA,NA,NA,NA
471,merianae,hunted,female,A,NA,NA,10/13/2010,NA,1,33,60,19.5,13,6,10,16,NA,NA,NA,NA,NA,NA,NA,NA
474,merianae,hunted,female,A,NA,NA,10/13/2010,NA,1.3,34,60,22.5,14,6,10.5,16,NA,NA,NA,NA,NA,NA,NA,NA
476,merianae,hunted,female,A,NA,NA,10/25/2010,NA,1.85,37.5,27.5,26.5,16,7.5,12,15.5,NA,NA,NA,NA,NA,NA,NA,NA
479,merianae,hunted,female,A,NA,NA,10/25/2010,NA,2.35,39,36.5,29,17.5,8,13,17,NA,NA,NA,NA,NA,NA,NA,NA
480,merianae,hunted,female,A,NA,NA,10/25/2010,NA,1.9,39,47,27.5,16,7.5,11.5,18,NA,NA,NA,NA,NA,NA,NA,NA
481,merianae,hunted,female,A,NA,NA,10/25/2010,NA,2.55,40.5,53,28.5,18,8,12.5,20,NA,NA,NA,NA,NA,NA,NA,NA
482,merianae,hunted,female,A,NA,NA,10/25/2010,NA,1.7,37,65,24.5,15.5,7,11.5,17,NA,NA,NA,NA,NA,NA,NA,NA
505,merianae,hunted.longcautivity,female,A,NA,NA,NA,NA,2.2,34,55,28.5,17,7.5,12,,NA,NA,NA,NA,NA,NA,NA,NA
511,merianae,hunted,female,A,NA,NA,11/4/2010,NA,1.7,36.5,64,25,16,7,11,17,NA,NA,NA,NA,NA,NA,NA,88.65
529,merianae,live,female,A,NA,NA,NA,NA,1.8,37,25,31,13,6.5,10.5,18,NA,NA,NA,NA,NA,NA,NA,55.93
530,merianae,live,female,A,NA,NA,NA,NA,3,43,75,32,18,9,14,NA,NA,NA,NA,NA,NA,NA,NA,NA
531,merianae,live,female,A,NA,NA,NA,NA,2.8,42,44,37,14.5,8,10.5,NA,NA,NA,NA,NA,NA,NA,NA,NA
532,merianae,live,female,A,NA,NA,NA,NA,2.1,38,15,32,15.5,7,11,19,NA,NA,NA,NA,NA,NA,NA,NA
551b,merianae,hunted.longcautivity,female,A,NA,NA,12/13/2010,pospostura,1.3,38,10,23,13,6.5,9.5,17,NA,NA,NA,NA,NA,NA,NA,NA
592,rufescens,hunted,female,E,NA,NA,1/13/2011,NA,1.3,34,58,22,13.5,6,10.5,15,NA,NA,NA,NA,NA,NA,NA,NA
593,rufescens,hunted,female,E,NA,NA,1/13/2011,NA,1.3,35,22,23,14,6.5,11,16,NA,NA,NA,NA,NA,NA,NA,NA
595,rufescens,hunted,female,E,NA,NA,1/13/2011,NA,0.65,30,43,18.5,11.5,5.5,8.5,15,NA,NA,NA,NA,NA,NA,NA,2.2
599,rufescens,hunted.longcautivity,female,E,NA,NA,1/25/2011,NA,0.8,30.5,54,18.5,12,5.5,9,14,NA,NA,NA,NA,NA,NA,NA,NA
605,rufescens,hunted,female,E,NA,NA,2/4/2011,NA,0.85,32.5,52,19.5,12.5,6.5,9,15,NA,NA,NA,NA,NA,NA,NA,NA
606,rufescens,hunted,female,E,NA,NA,2/4/2011,NA,1.25,33,48,21.5,14,6.5,11,15.5,NA,NA,NA,NA,NA,NA,NA,NA
613,merianae,hunted.longcautivity,female,A,NA,NA,3/15/2011,NA,1.7,38.5,24,25,16,7,11.5,18,NA,NA,NA,NA,NA,NA,NA,46.39
614,merianae,hunted.longcautivity,female,A,NA,NA,3/15/2011,NA,1.5,36,39,24,15.5,6.5,10.5,16.5,NA,NA,NA,NA,NA,NA,NA,60.44
616,rufescens,hunted,female,E,NA,NA,4/6/2011,NA,NA,NA,NA,NA,NA,NA,NA,NA,NA,NA,NA,NA,NA,NA,NA,NA
618,merianae,hunted,female,A,NA,NA,9/28/2011,NA,1.5,36,46,26,15,7,11.5,16.5,NA,NA,NA,NA,NA,NA,NA,151.51
621,merianae,hunted,female,A,NA,NA,9/28/2011,NA,1.75,37.5,66,25,15.5,7.5,12,17.5,NA,NA,NA,NA,NA,NA,NA,121.27
622,merianae,hunted,female,A,NA,NA,9/28/2011,NA,1.5,37,55,23,14.5,7,10.5,17.5,NA,NA,NA,NA,NA,NA,NA,46.49
629,merianae,hunted,female,A,NA,NA,10/4/2011,NA,1.6,35,44,23.5,16,7,11,17,NA,NA,NA,NA,NA,NA,NA,94.62
637,merianae,hunted.longcautivity,female,A,NA,NA,10/18/2011,NA,1.3,34,41,21.5,15,7,12,17,NA,NA,NA,NA,NA,NA,NA,43.65
644,merianae,hunted.longcautivity,female,A,NA,NA,10/18/2011,NA,1.75,39,66.5,25,15.5,7,12,18.5,NA,NA,NA,NA,NA,NA,NA,93.45
647,merianae,hunted.longcautivity,female,A,NA,NA,10/18/2011,NA,2.35,39,38,28.5,16.5,8,13,22.5,NA,NA,NA,NA,NA,NA,NA,137.52
649,merianae,hunted.longcautivity,female,A,NA,NA,10/26/2011,NA,1.75,39.5,65,25,15,7.5,11,18.5,NA,NA,NA,NA,NA,NA,NA,NA
651,merianae,hunted.longcautivity,female,A,NA,NA,10/26/2011,NA,1.5,37.5,52,23.5,14.5,7,10.5,16.5,NA,NA,NA,NA,NA,NA,NA,NA
652,merianae,hunted.longcautivity,female,A,NA,NA,10/26/2011,NA,1.55,37,62,22.5,15,7,11,18,NA,NA,NA,NA,NA,NA,NA,NA
671,merianae,hunted,female,A,NA,NA,11/2/2011,NA,1.9,38,67,24.5,16,7,12,19.5,NA,NA,NA,NA,NA,NA,NA,NA
672,merianae,hunted,female,A,NA,NA,11/2/2011,NA,1.75,37.5,22,25,16,7.5,12,21.5,NA,NA,NA,NA,NA,NA,NA,NA
673,merianae,hunted,female,A,NA,NA,11/2/2011,NA,2.2,39.5,66,29,16.5,7.5,13,21,NA,NA,NA,NA,NA,NA,NA,NA
674,merianae,hunted,female,A,NA,NA,11/2/2011,NA,2.5,39.5,67,30,17.5,5.5,12,21,NA,NA,NA,NA,NA,NA,NA,NA
675,merianae,hunted,female,A,NA,NA,11/2/2011,NA,1.2,33,33,21.5,14,6.5,10,18,NA,NA,NA,NA,NA,NA,NA,NA
677,merianae,hunted,female,A,NA,NA,11/2/2011,NA,1.6,37,67,25.5,15,8.5,12.5,17.5,NA,NA,NA,NA,NA,NA,NA,NA
678,merianae,hunted,female,A,NA,NA,11/2/2011,NA,1.8,39.5,31,28.5,16,8.5,12,19.5,NA,NA,NA,NA,NA,NA,NA,NA
680,merianae,roadkilled,female,B,"31º11´50,5´´","63º14´14,1´´",11/2/2011,NA,2.3,38.5,45,32,17.5,9,13.5,18.5,NA,NA,NA,NA,NA,NA,NA,5.36
682,rufescens,hunted,female,B,NA,NA,11/2/2011,NA,1.6,37,NA,NA,NA,NA,NA,18,NA,NA,NA,NA,NA,NA,NA,54
688,merianae,hunted.longcautivity,female,A,NA,NA,11/16/2011,NA,2.2,41,68,29,16.5,7.5,12,21,NA,NA,NA,NA,NA,NA,NA,NA
690,merianae,hunted,female,B,NA,NA,11/9/2011,NA,2.25,41,62,29,16.5,8,12.5,20.5,NA,NA,NA,NA,NA,NA,NA,50.5
695,merianae,hunted,female,B,NA,NA,11/9/2011,NA,2.2,41.5,32,28,18,8,13,19.5,NA,NA,NA,NA,NA,NA,NA,157.51
696,merianae,hunted,female,B,NA,NA,11/9/2011,NA,2.3,39,48.5,28,17.5,8,13,19,NA,NA,NA,NA,NA,NA,NA,145.98
699,rufescens,roadkilled,female,H,"30º58´39,1´´","63º04´10,8´´",11/16/2011,NA,1,33,38,NA,NA,NA,NA,15,NA,NA,NA,NA,NA,NA,NA,40.31
700,merianae/rufescens,hunted,female,B,NA,NA,11/16/2011,NA,1.65,36,60,27,16,7,11.5,17.5,NA,NA,NA,NA,NA,NA,NA,106.15
701,merianae,hunted,female,B,NA,NA,11/16/2011,NA,1.95,40,67,29,16,7,12,20,NA,NA,NA,NA,NA,NA,NA,NA
702,merianae,hunted,female,B,NA,NA,11/16/2011,NA,1.8,37,68,27,16,7,12,18,NA,NA,NA,NA,NA,NA,NA,NA
711,merianae,hunted,female,A,NA,NA,11/16/2011,NA,1.4,37,32,25,14,6.5,10.5,17,NA,NA,NA,NA,NA,NA,NA,130.1
715,merianae,hunted,female,A,NA,NA,11/16/2011,NA,2,38,28,28,16,7.5,12,19,NA,NA,NA,NA,NA,NA,NA,NA
720,rufescens,hunted,female,E,NA,NA,11/22/2011,NA,1.2,33,59,23,12.5,6,10,19,NA,NA,NA,NA,NA,NA,NA,NA
723,rufescens,hunted,female,D,NA,NA,11/22/2011,NA,NA,35,NA,NA,NA,NA,NA,NA,NA,NA,NA,NA,NA,NA,NA,NA
727,rufescens,hunted,female,F,NA,NA,11/24/2011,NA,1.25,35,12,25,14.5,6,11,16.5,NA,NA,NA,NA,NA,NA,NA,24.03
729,rufescens,hunted,female,E,NA,NA,11/24/2011,NA,1.15,36.5,NA,25.5,NA,6.5,10.5,17.5,NA,NA,NA,NA,NA,NA,NA,27.25
731,rufescens,hunted,female,E,NA,NA,11/24/2011,measurements are after oviposition of 21 eggs (17 g each egg aprox),1,32.5,57.5,20,12,6,9,16,NA,NA,NA,NA,NA,NA,NA,NA
741,merianae/rufescens,hunted,female,B,NA,NA,12/2/2011,NA,1.7,37.5,19,25.5,15.5,7,11.5,17.5,NA,NA,NA,NA,NA,NA,NA,NA
742,rufescens,hunted,female,B,NA,NA,12/2/2011,NA,1.9,37.5,34,27,15.5,7,11.5,17.5,NA,NA,NA,NA,NA,NA,NA,NA
743,rufescens,hunted,female,B,NA,NA,12/2/2011,NA,1.95,39,63,29,14,7,11,19,NA,NA,NA,NA,NA,NA,NA,NA
745,merianae,hunted,female,B,NA,NA,12/2/2011,NA,2.25,40,46,32,17.5,7.5,12.5,19,NA,NA,NA,NA,NA,NA,NA,NA
747,merianae,hunted.longcautivity,female,A,NA,NA,12/2/2011,NA,1.45,38,59,20.5,13,7,10,18,NA,NA,NA,NA,NA,NA,NA,39.1
748,merianae,hunted.longcautivity,female,A,NA,NA,12/2/2011,NA,1.25,38,15,20,14,6.5,10,19,NA,NA,NA,NA,NA,NA,NA,17.28
750,merianae,hunted.longcautivity,female,A,NA,NA,12/2/2011,NA,1.45,39.5,62,22,12.5,6.5,9.5,19.5,NA,NA,NA,NA,NA,NA,NA,36.06
751,merianae/rufescens,hunted.longcautivity,female,A,NA,NA,12/2/2011,NA,1.7,39,14,28,14.5,7,11,18,NA,NA,NA,NA,NA,NA,NA,NA
752,merianae/rufescens,hunted.longcautivity,female,A,NA,NA,12/2/2011,NA,1.45,37.5,65,23,14.5,6.5,10.5,18,NA,NA,NA,NA,NA,NA,NA,20.84
754,rufescens,hunted.longcautivity,female,A,NA,NA,12/2/2011,NA,1.1,34,56,20.5,13,5.5,9.5,17,NA,NA,NA,NA,NA,NA,NA,NA
761,merianae,hunted,female,A,NA,NA,12/2/2011,NA,1.6,37,65,22.5,14.5,6.5,10.5,19,NA,NA,NA,NA,NA,NA,NA,NA
767,merianae,hunted.longcautivity,female,A,NA,NA,1/5/2012,"Body mass before ovipistion 2,7 kg, diam body 38 cm",1.8,42,24,23,14.5,7,11,21,NA,NA,NA,NA,NA,NA,NA,NA
768,merianae,hunted.longcautivity,female,A,NA,NA,1/5/2012,"Body mass before ovipistion 2,2 kg, diam body 31 cm",1.3,39,38,21.5,12.5,6,10,19,NA,NA,NA,NA,NA,NA,NA,NA
769,merianae,hunted.longcautivity,female,A,NA,NA,1/5/2012,"Body mass before ovipistion 2,2 kg, diam body 33 cm",1.4,38.5,33,20.5,13,6.5,11,18.5,NA,NA,NA,NA,NA,NA,NA,NA
770,merianae,hunted.longcautivity,female,A,NA,NA,NA,"Body mass before ovipistion 1,9 kg, diam body 29,5 cm",1.9,29.5,NA,NA,NA,NA,NA,NA,NA,NA,NA,NA,NA,NA,NA,15.37
775,merianae,hunted.longcautivity,female,C,NA,NA,12/6/2011,NA,1.15,33,14.5,20,13.5,6,10,15,NA,NA,NA,NA,NA,NA,NA,NA
776,merianae,hunted.longcautivity,female,C,NA,NA,12/6/2011,NA,1.5,36,18,26,13,6,10,19.5,NA,NA,NA,NA,NA,NA,NA,NA
777,merianae,hunted.longcautivity,female,C,NA,NA,12/6/2011,NA,2,38,56,25,15.5,8,11.5,19,NA,NA,NA,NA,NA,NA,NA,NA
780,rufescens,hunted,female,E,NA,NA,12/19/2011,NA,0.4,31,40,15,9.5,4,7,15,NA,NA,NA,NA,NA,NA,NA,NA
783,merianae,hunted.longcautivity,female,A,NA,NA,12/20/2011,Corpora.lutea,1.3,37.5,66,21.5,13,6.5,10,18.5,NA,NA,NA,NA,NA,NA,NA,NA
784,merianae,hunted.longcautivity,female,A,NA,NA,12/20/2011,Corpora.lutea,1.2,35,55,20.5,13.5,6,9.5,17,NA,NA,NA,NA,NA,NA,NA,NA
785,merianae,hunted.longcautivity,female,A,NA,NA,12/20/2011,Corpora.lutea,1.45,39,63,21,13,6.5,10,19,NA,NA,NA,NA,NA,NA,NA,NA
789,merianae,hunted.longcautivity,female,A,NA,NA,12/20/2011,NA,0.95,33.5,48,18,12.5,6,9,16.5,NA,NA,NA,NA,NA,NA,NA,4.3
790,rufescens,hunted.longcautivity,female,A,NA,NA,12/20/2011,NA,0.65,31,14,17.5,11,5,8,16,NA,NA,NA,NA,NA,NA,NA,1.67
792,merianae,hunted.longcautivity,female,A,NA,NA,12/20/2011,NA,1.15,34.5,57,19,13.5,6,9.5,17,NA,NA,NA,NA,NA,NA,NA,NA
793,merianae,hunted.longcautivity,female,A,NA,NA,12/20/2011,Corpora.lutea,1.65,40.5,67,22.5,14.5,7,10.5,20.5,NA,NA,NA,NA,NA,NA,NA,NA
794,merianae,hunted.longcautivity,female,A,NA,NA,12/20/2011,NA,1.25,35.5,60,20,13,6,9.5,18,NA,NA,NA,NA,NA,NA,NA,NA
795,merianae,hunted.longcautivity,female,A,NA,NA,12/20/2011,NA,1.4,37.5,17,27,14,7,10,18,NA,NA,NA,NA,NA,NA,NA,NA
800,rufescens,hunted,female,B,NA,NA,12/29/2011,NA,1.5,35.5,57,24,15,7,11,16.5,NA,NA,NA,NA,NA,NA,NA,21.63
801,merianae,hunted,female,C,NA,NA,1/5/2012,NA,1.25,34,46,20.5,13,6,10,17.5,NA,NA,NA,NA,NA,NA,NA,NA
806,merianae,hunted,female,B,NA,NA,1/5/2012,NA,1.5,40.5,39,22.5,14,7,10.5,19.5,NA,NA,NA,NA,NA,NA,NA,NA
807,merianae,hunted,female,B,NA,NA,1/5/2012,NA,2.45,43,42,22,13.5,6.5,11,22,NA,NA,NA,NA,NA,NA,NA,NA
817,rufescens,hunted.longcautivity,female,E,NA,NA,2/29/2012,NA,0.9,32,57,19,12,5.5,8.5,15,NA,NA,NA,NA,NA,NA,NA,NA
818,rufescens,hunted.longcautivity,female,E,NA,NA,2/29/2012,NA,0.6,28,16,16,11.5,5,7.5,14,NA,NA,NA,NA,NA,NA,NA,NA
819,rufescens,hunted.longcautivity,female,E,NA,NA,2/29/2012,NA,0.6,28,50,16,11.5,5,8,13.5,NA,NA,NA,NA,NA,NA,NA,20.95
823,merianae,hunted.longcautivity,female,A,NA,NA,2/29/2012,NA,2.7,42.5,50,31,17,7.5,12,20,NA,NA,NA,NA,NA,NA,NA,NA
824,merianae,hunted.longcautivity,female,A,NA,NA,2/29/2012,NA,1.3,36.5,20,23,13.5,6,10,18,NA,NA,NA,NA,NA,NA,NA,NA
826,merianae,hunted.longcautivity,female,A,NA,NA,2/29/2012,NA,1.2,35,57,20,13.5,6.5,10,16.5,NA,NA,NA,NA,NA,NA,NA,NA
828,merianae,hunted.longcautivity,female,A,NA,NA,2/29/2012,NA,1.35,36.5,11,22,14.5,7.5,10.5,17,NA,NA,NA,NA,NA,NA,NA,NA
830,merianae,hunted.longcautivity,female,A,NA,NA,2/29/2012,NA,0.95,32,42.5,20,12.5,6,9.5,14,NA,NA,NA,NA,NA,NA,NA,20.21
833,merianae,hunted.longcautivity,female,A,NA,NA,2/29/2012,NA,1.4,36,61,24,14.5,7.5,11.5,15.5,NA,NA,NA,NA,NA,NA,NA,58.11
834,merianae,hunted.longcautivity,female,A,NA,NA,2/29/2012,NA,1.2,37,60,21,13,6,9.5,18,NA,NA,NA,NA,NA,NA,NA,NA
837,merianae,hunted.longcautivity,female,A,NA,NA,2/29/2012,NA,0.5,17.5,51,14.5,10.5,5,9,12.5,NA,NA,NA,NA,NA,NA,NA,NA
839,merianae,hunted.longcautivity,female,A,NA,NA,2/29/2012,NA,2.2,40,63,25,16.5,7.5,11.5,18,NA,NA,NA,NA,NA,NA,NA,NA
841,merianae,hunted,female,A,NA,NA,2/29/2012,NA,0.45,25.5,34,15,10,4.5,7,12.5,NA,NA,NA,NA,NA,NA,NA,NA
2,merianae,hunted,male,A,NA,NA,10/18/2008,NA,2.1,41,70,25.5,17,8.6,12,NA,1.84,2.56,3.595,NA,NA,NA,NA,22.78
3,rufescens,hunted,male,A,NA,NA,10/18/2008,NA,2.35,41,65,28,18,9,14,NA,1.735,2.11,2.545,NA,NA,NA,NA,75.08
4,merianae,hunted,male,A,NA,NA,10/18/2008,NA,3.5,43,70,30,19.5,9,13,NA,1.74,2.475,3.37,NA,NA,NA,NA,135.25
5,merianae,hunted,male,A,NA,NA,10/18/2008,NA,2,39,70,26,16,13,7.4,NA,1.77,1.915,2.7,NA,NA,NA,NA,59.9
6,merianae,hunted,male,A,NA,NA,10/18/2008,NA,3.65,42.5,49,36,20,10,15.5,NA,2.27,3.02,6.56,NA,NA,NA,NA,185.7
7,merianae,hunted,male,A,NA,NA,10/18/2008,NA,3,44,46.5,30,19,10,14,NA,1.76,2.52,3.095,NA,NA,NA,NA,88.97
9,merianae,hunted,male,A,NA,NA,10/18/2008,NA,2.65,41,46,27.5,17,9,14,NA,1.81,2.62,4.265,NA,NA,NA,NA,25.56
10,merianae,hunted,male,A,NA,NA,10/18/2008,NA,2.9,42.5,63.5,28,18.5,9.5,14,NA,1.81,2.92,4.505,NA,NA,NA,NA,91.78
11,merianae,hunted,male,A,NA,NA,10/18/2008,NA,2.7,42,57,28.5,17.5,9,13.5,NA,1.71,2.585,3.46,NA,NA,NA,NA,130.18
12,merianae,hunted,male,A,NA,NA,10/18/2008,NA,2.8,43,73,28,19,9,12.5,NA,1.49,2.25,1.965,NA,NA,NA,NA,80.51
14,rufescens,hunted,male,A,NA,NA,10/18/2008,NA,2.65,46,74,26,17,9,14,NA,1.67,2.29,2.16,NA,NA,NA,NA,36.04
15,merianae,hunted,male,A,NA,NA,10/18/2008,NA,2.2,39.5,72,25.5,17,8.5,12.5,NA,1.71,2.48,3.15,NA,NA,NA,NA,85.83
16,merianae,hunted,male,A,NA,NA,10/18/2008,NA,2.5,41,59,30,17.5,8.5,13.5,NA,1.51,2.045,1.61,NA,NA,NA,NA,146.34
17,merianae,hunted,male,A,NA,NA,10/18/2008,NA,2.4,39.5,59.5,28.5,17.5,9,14,NA,1.63,2.3,2.63,NA,NA,NA,NA,132.8
18,merianae,hunted,male,A,NA,NA,10/18/2008,NA,3.1,46,68,31,19,10,15,NA,1.84,2.45,3.22,NA,NA,NA,NA,117.39
23,merianae,hunted,male,A,NA,NA,10/18/2008,NA,2.6,42,57.5,28.5,18,8.5,13.5,NA,2.27,2.81,5.63,NA,NA,NA,NA,131.04
26,merianae,hunted,male,A,NA,NA,10/18/2008,NA,2,41,72,25,16,7.5,11.5,NA,2.32,3.23,6.63,NA,NA,NA,NA,62.1
28,merianae,hunted,male,A,NA,NA,10/18/2008,NA,3.1,45,77,30,18,9.5,14,NA,2.09,2.88,5.055,NA,NA,NA,NA,105.63
29,merianae,hunted,male,A,NA,NA,10/18/2008,NA,2.2,40.5,50.5,28,17,8,12.5,NA,1.68,2.305,2.445,NA,NA,NA,NA,108.57
30,merianae,hunted,male,A,NA,NA,10/18/2008,NA,2.5,42.5,69,27,17.5,9,13.5,NA,1.87,3.035,4.785,NA,NA,NA,NA,74.24
31,merianae,hunted,male,A,NA,NA,10/18/2008,NA,2.2,41,71,25.5,17,8,12,NA,1.73,2.235,2.605,NA,NA,NA,NA,97.78
32,merianae,hunted,male,A,NA,NA,10/18/2008,NA,3,44,70,29,18,9,14,NA,1.85,2.64,3.88,NA,NA,NA,NA,165.88
33,merianae,hunted,male,A,NA,NA,10/18/2008,NA,2,42,46,27,16.5,8.5,12,NA,1.72,2.35,3.215,NA,NA,NA,NA,78.31
35,merianae,hunted,male,A,NA,NA,10/18/2008,NA,2.6,44.5,46,26,18.5,9,12,NA,1.7,2.165,2.53,NA,NA,NA,NA,97.74
37,merianae,hunted,male,A,NA,NA,10/18/2008,NA,1.9,39,67,24,15,7.5,12,NA,1.71,2.32,2.525,NA,NA,NA,NA,77.91
39,merianae,hunted,male,A,NA,NA,10/18/2008,NA,2,39,54.5,25.5,15.5,7.5,11.5,NA,1.69,2.055,2.165,NA,NA,NA,NA,129.92
42,merianae,hunted,male,A,NA,NA,10/18/2008,NA,2.55,43,42,28.5,17,8.5,13,NA,1.74,2.255,3.335,NA,NA,NA,NA,113.17
43,merianae,hunted,male,A,NA,NA,10/18/2008,NA,1.4,39,64,23.5,15,7.5,11,NA,1.78,2.395,2.89,NA,NA,NA,NA,63.34
45,merianae,hunted,male,A,NA,NA,10/18/2008,NA,1.8,39.5,44.5,23.5,15,8,12,NA,1.69,2.385,2.745,NA,NA,NA,NA,22.69
46,merianae,hunted,male,A,NA,NA,10/18/2008,NA,1.9,41.2,26.5,23,16,7.2,11.5,NA,1.84,2.37,3.095,NA,NA,NA,NA,36.56
49,merianae,hunted,male,A,NA,NA,10/18/2008,NA,2,40.5,16.5,25,16.5,8.5,11.5,NA,1.69,2.505,3.225,NA,NA,NA,NA,41.05
51,merianae,hunted,male,A,NA,NA,10/18/2008,NA,2.6,42,62.5,26.5,16.5,9,12.5,NA,2.33,2.95,6.375,NA,NA,NA,NA,45.9
53,merianae,hunted,male,A,NA,NA,10/18/2008,NA,3,41,73,31,19,9,14,NA,2.43,2.835,6.505,NA,NA,NA,NA,40.69
55,merianae,hunted,male,A,NA,NA,10/18/2008,NA,2.45,43.5,54.5,28.5,17,8.5,13,NA,1.93,2.655,4.125,NA,NA,NA,NA,139.95
57,merianae,hunted,male,A,NA,NA,10/18/2008,NA,3.3,46,67,29.5,19,9.5,14,NA,2.54,3.495,8.655,NA,NA,NA,NA,37.07
58,merianae,hunted,male,A,NA,NA,10/18/2008,NA,2.7,42.5,65,27,18,9,13.5,NA,2.04,2.965,5.545,NA,NA,NA,NA,54.2
59,merianae,hunted,male,A,NA,NA,10/25/2008,NA,3.6,44,77,32,20,10,14,NA,2.24,2.89,5.81,NA,NA,NA,NA,93.92
69,merianae,hunted,male,A,NA,NA,10/25/2008,NA,2.15,41,72.5,24,17,8.5,13,NA,1.75,2.33,2.865,NA,NA,NA,NA,40.23
70,merianae,hunted,male,A,NA,NA,10/25/2008,NA,2.25,41,67.5,26,17,8,13,NA,2.22,2.905,5.51,NA,NA,NA,NA,58.24
71,merianae,hunted,male,A,NA,NA,10/25/2008,NA,1.75,37.5,47.5,25,15.5,8.5,12,NA,1.7,2.255,2.745,NA,NA,NA,NA,79.23
76,merianae,hunted,male,A,NA,NA,10/25/2008,NA,1.65,26.5,67,24.5,16,7.5,12,NA,1.12,1.605,0.975,NA,NA,NA,NA,43.24
78,merianae,hunted,male,A,NA,NA,10/25/2008,NA,1.55,38.5,19,21.5,15.5,7.5,11.5,NA,1.78,2.68,3.23,NA,NA,NA,NA,12.02
79,merianae,hunted,male,A,NA,NA,10/25/2008,NA,2.45,42.5,41,27,18,9,14,NA,2.2,3.065,6.5,NA,NA,NA,NA,73.78
82,merianae,hunted,male,A,NA,NA,11/2/2008,NA,3.6,45,60,33,19,10,15,NA,2.12,3.16,6.12,NA,NA,NA,NA,77.75
86,merianae,hunted,male,A,NA,NA,11/2/2008,NA,2,39,41,27,16,8,12,NA,1.86,2.415,3.52,NA,NA,NA,NA,1.25
88,merianae,hunted,male,A,NA,NA,11/2/2008,NA,1.8,39,57,24,15,8,11.5,NA,1.77,2.32,3.265,NA,NA,NA,NA,37.5
89,merianae,hunted,male,A,NA,NA,11/2/2008,NA,1.9,39,45,26,15.5,8,12,NA,1.89,2.42,4.145,NA,NA,NA,NA,51.45
92,merianae,hunted,male,A,NA,NA,11/2/2008,NA,1.7,38.5,63,22,15.5,7.5,11,NA,2.04,2.585,4.3,NA,NA,NA,NA,26.91
95,merianae,hunted,male,A,NA,NA,11/2/2008,NA,1.3,36,28,21.5,14,7,10.5,NA,1.69,2.125,2.73,NA,NA,NA,NA,13.49
99,merianae,hunted.longcautivity,male,A,NA,NA,11/2/2008,NA,1.45,36,56,22,15,7.5,11,NA,1.37,2.02,1.605,NA,NA,NA,NA,36.36
103,merianae,hunted.longcautivity,male,A,NA,NA,11/2/2008,NA,0.7,29.5,47,17,12,5.5,8.5,NA,0.77,1.115,0.29,NA,NA,NA,NA,10.2
107,merianae,hunted,male,A,NA,NA,11/8/2008,NA,2.2,39.5,51,26,16,8,12.5,NA,2.05,2.815,4.725,NA,NA,NA,NA,46.36
109,merianae,hunted,male,A,NA,NA,11/8/2008,NA,2.1,37.5,35,25,17,8.5,12.5,NA,1.87,2.745,3.595,NA,NA,NA,NA,76
111,merianae,hunted,male,A,NA,NA,11/8/2008,NA,2,37,64,25,15.5,7.5,12,NA,1.85,2.475,3.245,NA,NA,NA,NA,24.26
113,merianae,hunted,male,A,NA,NA,11/8/2008,NA,1.35,36,26,22.5,14,7,10,NA,1.79,2.385,2.825,NA,NA,NA,NA,5.22
115,merianae,hunted,male,A,NA,NA,11/8/2008,NA,0.8,32,55.5,17,11.5,5.5,9,NA,1.33,1.785,1.26,NA,NA,NA,NA,10.57
118,merianae,hunted,male,A,NA,NA,11/8/2008,NA,1.85,38,24,27,15,8,12,NA,1.97,2.78,4.22,NA,NA,NA,NA,55.15
121,merianae,hunted,male,A,NA,NA,11/8/2008,NA,2.2,39,50.5,26,16,8.5,12,NA,1.71,2.55,3.155,NA,NA,NA,NA,41.2
125,merianae,hunted,male,A,NA,NA,11/8/2008,NA,2,41,63,24,15,8,12,NA,2,2.555,3.67,NA,NA,NA,NA,28.39
127,merianae,hunted,male,A,NA,NA,11/8/2008,NA,1.95,40,67,25,15.5,7.5,11.5,NA,2.08,3.03,4.775,NA,NA,NA,NA,16.57
128,merianae,hunted,male,A,NA,NA,11/8/2008,NA,2.2,40,56,25,16,8,12,NA,2.13,2.71,3.38,NA,NA,NA,NA,38.01
129,merianae,hunted,male,A,NA,NA,11/8/2008,NA,2.6,42.5,67,26.5,16.5,9,13,NA,2.24,2.74,5.43,NA,NA,NA,NA,6.23
132,merianae,hunted,male,A,NA,NA,11/8/2008,NA,1.45,35.5,15.5,22,14.5,7,11,NA,1.8,2.42,3.015,NA,NA,NA,NA,48.25
133,merianae,hunted,male,A,NA,NA,11/8/2008,NA,1.95,38,65,24.5,15.5,7.5,11.5,NA,2.08,2.83,4.2,NA,NA,NA,NA,11.26
134,merianae,hunted,male,A,NA,NA,11/8/2008,NA,2,40.5,68,24,15.5,8,12,NA,2.01,2.59,3.6,NA,NA,NA,NA,18.76
135,merianae,hunted,male,A,NA,NA,11/8/2008,NA,1.75,39,67,23,15,7.5,11.5,NA,1.89,2.335,3.125,NA,NA,NA,NA,10.97
136,merianae,hunted,male,A,NA,NA,11/8/2008,NA,1.35,35,38,23,14,6.5,10,NA,1.65,2.215,2.225,NA,NA,NA,NA,13.45
137,merianae,hunted,male,A,NA,NA,11/8/2008,NA,2,36,66,23,15,7.5,11.5,NA,1.97,2.545,3.27,NA,NA,NA,NA,7.25
138,merianae,hunted,male,A,NA,NA,11/8/2008,NA,1.2,34.5,24,20.5,14,6.5,10,NA,1.56,2.36,2.14,NA,NA,NA,NA,27.7
141,merianae,hunted,male,A,NA,NA,11/8/2008,NA,1.9,39,46,24,15.5,10,12,NA,1.92,2.58,3.525,NA,NA,NA,NA,79.37
142,merianae,hunted,male,A,NA,NA,11/8/2008,NA,1.75,38.5,65,24.5,15.5,8,11.5,NA,1.86,2.7,3.39,NA,NA,NA,NA,87.07
144,merianae,hunted,male,A,NA,NA,11/8/2008,NA,1.6,37.5,65,22.5,14.5,7.5,11.5,NA,1.88,2.585,3.42,NA,NA,NA,NA,8.92
146,merianae,hunted,male,A,NA,NA,11/8/2008,NA,1.6,37.5,60,23,14.5,7.5,11,NA,1.89,2.565,3.485,NA,NA,NA,NA,13.37
147,merianae,hunted,male,A,NA,NA,11/8/2008,NA,2,41,40,23,15.5,8,12,NA,2.24,2.52,4.765,NA,NA,NA,NA,17.2
150,rufescens,hunted,male,A,NA,NA,11/21/2008,NA,2.85,44,39,26.5,18,9,13.5,NA,2.39,3.175,7.18,NA,NA,NA,NA,38.22
152,merianae,hunted,male,A,NA,NA,11/21/2008,NA,3.5,47,76,27,19,9.5,14,NA,2.11,2.96,5.21,NA,NA,NA,NA,30.92
153,merianae,hunted,male,A,NA,NA,11/21/2008,NA,2.4,42,71.5,25.5,16,9,13,NA,1.9,2.205,3.56,NA,NA,NA,NA,4.52
154,merianae,hunted,male,A,NA,NA,11/21/2008,NA,2.9,45,71,26,18.5,9,13.5,NA,2.16,3.17,5.415,NA,NA,NA,NA,38.63
156,merianae,hunted,male,A,NA,NA,11/21/2008,NA,2.6,45,65,26,18,8.5,13,NA,2.1,2.44,4.835,NA,NA,NA,NA,31.58
158,merianae,hunted,male,A,NA,NA,11/21/2008,NA,3.5,46.5,58,31,20,10,14.5,NA,2.3,3.095,6.485,NA,NA,NA,NA,76.31
159,merianae,hunted,male,A,NA,NA,11/21/2008,NA,2.5,43.5,73,25,17.5,9,13,NA,2.42,2.805,4.58,NA,NA,NA,NA,42.04
160,rufescens,hunted,male,A,NA,NA,11/21/2008,NA,1.75,39.5,70,23.5,16,7.5,11.5,NA,2.1,2.75,4.39,NA,NA,NA,NA,5.73
161,merianae,hunted,male,A,NA,NA,11/21/2008,NA,1.7,39,58.5,22.5,15.5,7.5,12,NA,2.05,2.685,3.835,NA,NA,NA,NA,33.7
162,merianae,hunted,male,A,NA,NA,11/21/2008,NA,3.15,44,60,29,18.5,9,13.5,NA,2.15,2.98,5.06,NA,NA,NA,NA,40.56
166,merianae,hunted,male,A,NA,NA,11/21/2008,NA,2.85,43,51,28,18.5,9,13,NA,1.93,2.76,4.3,NA,NA,NA,NA,31.65
169,merianae,hunted,male,A,NA,NA,11/21/2008,NA,2.05,42,54,23,16.5,8,12,NA,1.76,2.36,3.215,NA,NA,NA,NA,16.5
171,merianae,hunted,male,A,NA,NA,11/21/2008,NA,2.9,45,54,28,19,9,13.5,NA,2.49,3.55,8.22,NA,NA,NA,NA,16.2
172,merianae,hunted,male,A,NA,NA,11/29/2008,NA,3.05,44.5,56,32,18.5,9.5,14,NA,2.2,2.77,5.365,NA,NA,NA,NA,15.36
176,merianae,hunted,male,A,NA,NA,11/29/2008,NA,2.4,42,64.5,25,18,8,13,NA,1.84,2.825,3.61,NA,NA,NA,NA,54.87
177,merianae,hunted,male,A,NA,NA,11/29/2008,NA,2.6,43.5,61,26.5,18,9.5,13,NA,1.88,2.91,3.61,NA,NA,NA,NA,5.51
178,merianae,hunted,male,A,NA,NA,11/29/2008,NA,1.5,37,50.5,22,15,7.5,12,NA,1.66,2.39,2.39,NA,NA,NA,NA,14.76
179,merianae,hunted,male,A,NA,NA,11/29/2008,NA,1.3,36,64,22.5,15,7,11,NA,1.69,2.235,2.2,NA,NA,NA,NA,2.49
181,merianae,hunted,male,A,NA,NA,11/29/2008,NA,1.7,37.5,60,25.5,15.5,7.5,11.5,NA,1.61,2.36,2.21,NA,NA,NA,NA,19.77
182,merianae,hunted,male,A,NA,NA,11/29/2008,NA,1.1,33.5,30,20,14,7,11,NA,1.55,2.025,2.01,NA,NA,NA,NA,1.81
184,merianae,hunted,male,A,NA,NA,11/29/2008,NA,0.8,30,33,18,13,6,9,NA,0.83,1.265,0.315,NA,NA,NA,NA,4.9
186,merianae,hunted,male,A,NA,NA,11/29/2008,NA,2.3,40.5,53.5,25.5,17.5,8.5,13,NA,1.89,2.75,3.41,NA,NA,NA,NA,42.6
187,merianae,hunted,male,A,NA,NA,11/29/2008,NA,1.8,41.5,74,23,17,8.5,12.5,NA,1.9,2.76,3.435,NA,NA,NA,NA,5.17
189,merianae,hunted,male,A,NA,NA,11/29/2008,NA,1.5,37.5,68.5,23,15,7,11.5,NA,1.19,1.66,0.8,NA,NA,NA,NA,30.02
190,merianae,hunted,male,A,NA,NA,11/29/2008,NA,1.9,40,56,26,16,8.5,13,NA,1.73,2.56,3.03,NA,NA,NA,NA,2.8
191,merianae,hunted,male,A,NA,NA,11/29/2008,NA,1.8,39.5,69,25,15.5,8,11.5,NA,1.88,2.455,3.21,NA,NA,NA,NA,12.72
192,merianae,hunted,male,A,NA,NA,11/29/2008,NA,1.5,36,58,23,16,7.5,11.5,NA,1.33,1.91,1.185,NA,NA,NA,NA,21.02
194,merianae,hunted,male,A,NA,NA,11/29/2008,NA,2.6,41.5,70.5,27.5,18,9.5,13.5,NA,1.98,2.57,4.035,NA,NA,NA,NA,10.75
195,merianae,hunted,male,A,NA,NA,11/29/2008,NA,2.2,42.5,22.5,29,17.5,9,13,NA,1.68,2.26,2.725,NA,NA,NA,NA,NA
196,merianae,hunted,male,A,NA,NA,11/29/2008,NA,3,45.5,64.5,28.5,19.5,10,14.5,NA,2.12,2.55,4.325,NA,NA,NA,NA,7.99
197,rufescens,hunted,male,A,NA,NA,11/29/2008,NA,1.6,38,46.5,23,15,7.5,11,NA,1.85,2.49,3.275,NA,NA,NA,NA,6.14
198,merianae,hunted,male,A,NA,NA,11/29/2008,NA,2.8,43.5,70,27.5,18.5,9,13,NA,2.23,2.835,5.13,NA,NA,NA,NA,4.85
199,merianae,hunted,male,A,NA,NA,11/29/2008,NA,3.3,44,66.5,29.5,20,9.5,14,NA,2.08,2.595,3.98,NA,NA,NA,NA,20
200,merianae,hunted,male,A,NA,NA,11/29/2008,NA,1.2,35.5,63,21.5,14.5,7.5,11,NA,1.48,1.885,1.485,NA,NA,NA,NA,1.37
201,merianae,hunted,male,A,NA,NA,11/29/2008,NA,2,42,42.5,24,16.5,8,12,NA,2.08,2.585,4.61,NA,NA,NA,NA,2.95
203,merianae,hunted,male,A,NA,NA,12/10/2008,NA,1.4,38,31,22.5,14.5,7,10.5,15,1.65,2.395,2.355,NA,NA,NA,NA,12.96
206,merianae,hunted,male,A,NA,NA,12/10/2008,NA,1.4,34,60,22.5,14.5,7,10,15,1.55,2.195,2.16,NA,NA,NA,NA,22.13
208,merianae,hunted,male,A,NA,NA,12/10/2008,NA,1.95,41.5,37,23,16.5,7.5,12.5,17,1.42,2.115,1.645,NA,NA,NA,NA,2.06
211,merianae,hunted,male,A,NA,NA,12/10/2008,NA,2.15,42.5,54,26,16.5,8.5,13.5,20.5,1.8,2.345,2.435,NA,NA,NA,NA,25.37
212,merianae,hunted,male,A,NA,NA,12/10/2008,NA,2.3,43,71,27,17,8,12.5,20.5,1.44,1.895,1.365,NA,NA,NA,NA,87.16
213,merianae,hunted,male,A,NA,NA,12/10/2008,NA,2.9,45,59.5,28.5,19,9.5,14,19.5,1.89,2.53,3.49,NA,NA,NA,NA,13.68
214,merianae,hunted,male,A,NA,NA,12/10/2008,NA,2.1,40.5,36,25,17,8,13,17.5,1.93,2.66,2.835,NA,NA,NA,NA,2.8
215,merianae,hunted,male,A,NA,NA,12/10/2008,NA,1.15,36.5,25,22,13.5,7,11,15.5,1.21,1.675,0.81,NA,NA,NA,NA,0.74
217,merianae,hunted,male,A,NA,NA,12/10/2008,NA,2.2,41,64,25.5,17,8.5,13.5,20,1.94,2.66,3.585,NA,NA,NA,NA,56.31
220,merianae,hunted,male,A,NA,NA,12/10/2008,NA,0.85,32,60,17.5,12,5.5,9,15,0.76,1.165,0.275,NA,NA,NA,NA,2.96
221,merianae,hunted,male,A,NA,NA,12/10/2008,NA,2.1,41,55.5,24,17,8.5,12.5,18,1.49,2,1.6,NA,NA,NA,NA,4.64
224,merianae,hunted,male,A,NA,NA,12/10/2008,NA,0.8,30.5,56,18,12.5,5.5,9,15,0.99,1.48,0.51,NA,NA,NA,NA,3.13
227,merianae,hunted,male,A,NA,NA,12/10/2008,NA,1.5,38,46.5,21.5,15.5,7,11,17,1.64,2.06,2.11,NA,NA,NA,NA,2.3
229,merianae,hunted,male,A,NA,NA,12/10/2008,NA,1.4,37.5,68,21,15,7.5,11,17,1.6,2.225,2.345,NA,NA,NA,NA,6.99
231,merianae,hunted,male,A,NA,NA,12/10/2008,NA,0.75,32,53,15,12,5.5,9,15,0.69,1.11,0.21,NA,NA,NA,NA,2.19
233,merianae,hunted.longcautivity,male,A,NA,NA,12/20/2008,NA,1.8,41.5,35,25.5,16,9,12,17,1.13,1.775,0.92,NA,NA,NA,NA,2.85
234,merianae,hunted.longcautivity,male,A,NA,NA,12/20/2008,NA,2.2,41.5,51.5,24,16.5,8.5,13,17.5,1.06,1.55,0.755,NA,NA,NA,NA,4
235,merianae,hunted.longcautivity,male,A,NA,NA,12/20/2008,NA,2.9,45,65,26,18.5,9,13.5,20,1.35,1.905,1.355,NA,NA,NA,NA,24.21
237,merianae,hunted,male,A,NA,NA,12/20/2008,NA,2,40.5,53,25,16.5,8,13,18.5,0.96,1.5,0.615,NA,NA,NA,NA,4.11
238,merianae,hunted,male,A,NA,NA,12/20/2008,NA,2.4,44.5,50,25,17,9,13.5,20,1.12,1.585,0.775,NA,NA,NA,NA,13.39
242,merianae,hunted,male,A,NA,NA,12/20/2008,NA,1.9,43.5,60,23,16,8,12,19.5,1.66,2.615,2.69,NA,NA,NA,NA,24.43
243,merianae,hunted,male,A,NA,NA,12/20/2008,NA,2.1,43,63,24,17,8.5,12,19,1.4,2,1.385,NA,NA,NA,NA,15.8
244,merianae,hunted,male,A,NA,NA,12/20/2008,NA,1.8,40,67,22,16.5,7.5,12,16.5,1.45,1.97,1.39,NA,NA,NA,NA,1.87
245,merianae,hunted,male,A,NA,NA,12/20/2008,NA,1.6,38.5,43.5,22,15,8,11,17,1.46,2.065,1.335,NA,NA,NA,NA,2.39
249,merianae,hunted,male,A,NA,NA,12/20/2008,NA,1.2,35,61,21,14,6.5,10,16,1.06,1.45,0.525,NA,NA,NA,NA,33.76
252,merianae,hunted,male,A,NA,NA,12/20/2008,NA,1.35,35,31,23,14,7,11.5,14,1.47,1.955,1.59,NA,NA,NA,NA,17.26
257,merianae,hunted,male,A,NA,NA,1/7/2009,NA,2.35,45.5,66,24,16.5,8,12,18.5,1.03,1.645,0.785,NA,NA,NA,NA,2.79
258,merianae,hunted,male,A,NA,NA,1/7/2009,NA,1.85,40,22.5,27,15,7.5,11.5,17,0.82,1.305,0.305,NA,NA,NA,NA,15.5
259,merianae,hunted,male,A,NA,NA,1/7/2009,NA,2.75,42,53.5,30,18.5,8.5,12.5,17.5,0.86,1.605,0.41,NA,NA,NA,NA,26.65
260,merianae,hunted,male,A,NA,NA,1/7/2009,NA,2.4,42,33,27,17.5,8,13,17.5,0.75,1.335,0.305,NA,NA,NA,NA,35.34
264,merianae,hunted,male,A,NA,NA,1/7/2009,NA,1.9,40,55,24,16,7.5,12,18,0.97,1.33,0.495,NA,NA,NA,NA,8.61
265,merianae,hunted,male,A,NA,NA,1/7/2009,NA,1.8,39.5,59,23,16.5,7.5,12,17.5,1.05,1.63,0.775,NA,NA,NA,NA,25.3
266,merianae,hunted,male,A,NA,NA,1/7/2009,NA,1.3,36,19,22.5,15,6.5,10.5,17,1.33,1.955,1.245,NA,NA,NA,NA,6.63
267,merianae,hunted,male,A,NA,NA,1/7/2009,NA,1.55,37.5,38.5,24,16,7,11.5,17.5,0.7,1.145,0.215,NA,NA,NA,NA,1.81
272,merianae,hunted,male,A,NA,NA,1/7/2009,NA,1,33.5,57,19,13,6.5,9.5,15.5,0.75,1.225,0.295,NA,NA,NA,NA,2.04
273,merianae,hunted,male,A,NA,NA,1/7/2009,NA,0.9,32,56,18,12.5,6,9.5,14.5,0.6,0.89,0.145,NA,NA,NA,NA,9.42
278,merianae,hunted,male,A,NA,NA,1/7/2009,NA,0.7,29.5,39.5,17,11.5,5,8.5,14,0.48,0.745,0.07,NA,NA,NA,NA,5.37
279,merianae,hunted,male,A,NA,NA,10/8/2009,NA,1.8,38.5,21.5,24.5,16,8,12,16,1.71,2.19,2.63,NA,NA,NA,NA,50.69
284,merianae,hunted,male,A,NA,NA,10/8/2009,NA,3.2,46,46,29,19,9.5,14,19.5,1.65,2.57,3.45,NA,NA,NA,NA,95.21
285,merianae,hunted,male,A,NA,NA,10/8/2009,NA,1.5,35,44,22.5,15,7.5,11,15.5,1.31,2.09,1.68,NA,NA,NA,NA,43.37
286,merianae,hunted,male,A,NA,NA,10/8/2009,NA,1.3,33,61.5,21.5,14.5,7,10.5,13,1.04,1.46,0.63,NA,NA,NA,NA,65.08
288,merianae,hunted,male,A,NA,NA,10/8/2009,NA,2,39,63,26,16.5,7.5,12,17.5,1.53,2.35,2.56,NA,NA,NA,NA,130.25
289,merianae,hunted,male,A,NA,NA,10/8/2009,NA,1.55,38.5,28,23.5,16,7,12,17.5,1.07,1.96,0.85,NA,NA,NA,NA,66.25
290,merianae,hunted,male,A,NA,NA,10/8/2009,NA,1.6,37,21,24,15,7.5,12.5,16,1.98,2.27,2.51,NA,NA,NA,NA,77.34
292,merianae,hunted,male,A,NA,NA,10/8/2009,NA,1.75,38,64,22.5,15.5,7.5,12,16,1.28,1.72,1.22,NA,NA,NA,NA,56.78
293,merianae,hunted,male,A,NA,NA,10/25/2009,No.sperm,1.15,33.5,59,20,13.5,6.5,9.5,16,1.02,1.57,0.72,NA,NA,NA,NA,42.64
296,merianae,hunted,male,A,NA,NA,10/25/2009,No.sperm,1.7,39,66,24,16,7,13,16.5,1.24,2.33,2.47,NA,NA,NA,NA,18.34
297,merianae,hunted,male,A,NA,NA,10/25/2009,No.sperm,1.5,35.5,51,22,16,7.5,11,16.5,0.93,1.4,0.52,NA,NA,NA,NA,45.06
300,merianae,hunted,male,A,NA,NA,10/25/2009,No.sperm,1.3,36,62,22,14,7,10.5,16,1.51,2.32,2.69,NA,NA,NA,NA,56.1
302,merianae,hunted,male,A,NA,NA,10/25/2009,No.sperm,1.85,40,48,23,17,7.5,11.5,17,1.4,1.98,1.88,NA,NA,NA,NA,64.56
303,merianae,hunted,male,C,NA,NA,10/29/2009,Yes.sperm,2.55,43,40,28.5,18,8.5,12,NA,2.04,3.18,4.96,NA,NA,NA,NA,86.63
310,merianae,hunted,male,A,NA,NA,10/30/2009,No.sperm,1.3,35,65,21,14,6.5,10,16,1.45,2.21,1.67,NA,NA,NA,NA,27.67
311,merianae,hunted,male,A,NA,NA,10/30/2009,Yes.sperm,1.8,39,23,24,16.5,7.5,11.5,18.5,1.19,2.31,2.64,NA,NA,NA,NA,58.34
312,merianae,hunted,male,A,NA,NA,10/30/2009,Yes.sperm,1.7,38,57,22.5,16,7.5,11.5,17,1.93,2.51,3.48,NA,NA,NA,NA,9.74
313,merianae,hunted,male,A,NA,NA,10/30/2009,No.sperm,1.45,37.5,59,22.5,15,7,11,17.5,1.45,1.98,1.71,NA,NA,NA,NA,4.07
314,merianae,hunted,male,A,NA,NA,10/30/2009,Yes.sperm,1.5,40,36.5,23,16.5,7.5,11.5,17.5,2.01,2.77,4.02,NA,NA,NA,NA,16.17
316,merianae,hunted,male,C,NA,NA,11/10/2009,Yes.sperm,2.4,40,65,27.5,18,8.5,13.5,18,2.07,2.82,5.06,NA,NA,NA,NA,30.98
317,merianae,hunted,male,C,NA,NA,11/14/2009,Yes.sperm,1.5,34,18,23,15,7,10,15,1.74,2.49,2.8,NA,NA,NA,NA,16.72
319,merianae,hunted,male,C,NA,NA,11/14/2009,Yes.sperm,1.85,38.5,66,22,15.5,7.5,11,17.5,1.76,2.72,3.24,NA,NA,NA,NA,13.7
320,merianae,hunted,male,C,NA,NA,11/14/2009,No.sperm,0.65,30,13,17.5,11.5,5,8.5,13.5,1.07,1.65,0.76,NA,NA,NA,NA,17.63
321,merianae,hunted,male,C,NA,NA,11/14/2009,No.sperm,0.8,31.5,13.5,17.5,12.5,6,9,15,1.29,1.95,1.35,NA,NA,NA,NA,38.22
328,merianae,hunted,male,A,NA,NA,11/17/2009,Yes.sperm,3.1,46,39,30,18.5,9.5,13.5,21,2.13,2.88,5.33,NA,NA,NA,NA,115.4
330,merianae,hunted,male,C,NA,NA,11/22/2009,Yes.sperm,2.9,44,67,26,19,9.5,13.5,21,2.17,2.51,3.85,NA,NA,NA,NA,78.1
334,merianae,hunted,male,C,NA,NA,11/22/2009,Yes.sperm,1,33,22,20,13,6,9.5,14.5,1.51,2.45,2.02,NA,NA,NA,NA,5.27
335,merianae,hunted,male,C,NA,NA,11/22/2009,Yes.sperm,1.3,37,54,21,15,7,10.5,17.5,1.56,2.57,2.36,NA,NA,NA,NA,16.39
337,merianae,hunted,male,C,NA,NA,11/22/2009,Yes.sperm,0.9,31.5,13,19.5,13,6,9,14.5,1.51,2.4,2.04,NA,NA,NA,NA,32.18
340,merianae,roadkilled,male,H,"30º 57,8871´","62º25,815´",11/22/2009,No.sperm,NA,42,17,26,18,9,13,17,NA,NA,NA,NA,NA,NA,NA,NA
342,merianae,roadkilled,male,H,"30º59,484´","62º34,280´",11/22/2009,Yes.sperm,3.1,41,22,NA,20,9,14.5,NA,NA,NA,3.38,NA,NA,NA,NA,8.56
343,merianae,hunted,male,A,NA,NA,11/24/2009,Yes.sperm,2.45,42,66.5,26,17,8,12.5,19,NA,NA,NA,NA,NA,NA,NA,16.61
346,merianae,hunted,male,A,NA,NA,11/24/2009,Yes.sperm,1.45,37,66.5,22,14,6.5,10,18.5,1.7,2.51,2.55,NA,NA,NA,NA,34.48
347,merianae,hunted,male,A,NA,NA,11/24/2009,Yes.sperm,0.8,29.5,34.5,20,11.5,5,8,14,0.99,1.45,0.58,NA,NA,NA,NA,9.76
349,merianae,hunted,male,A,NA,NA,11/24/2009,Yes.sperm,1.2,35,59,20,13.5,6.5,9.5,17.5,1.67,2.31,2.51,NA,NA,NA,NA,9.84
352,merianae,hunted,male,A,NA,NA,11/24/2009,No.sperm,0.75,30,51,18,11.5,5.5,8,13.5,NA,NA,NA,NA,NA,NA,NA,NA
354,rufescens,hunted,male,D,NA,NA,11/27/2009,Yes.sperm,1.7,40,48,23,16,7.5,11,18,1.79,2.65,3.65,NA,NA,NA,NA,20.58
356,merianae,hunted,male,C,NA,NA,11/27/2009,Yes.sperm,1.6,36,60,23,15,7,10.5,14.5,1.61,2.21,2.31,NA,NA,NA,NA,9.29
357,merianae,hunted,male,C,NA,NA,11/27/2009,Yes.sperm,1.45,37.5,21,29.5,15,7,10,17,1.67,2.4,2.54,NA,NA,NA,NA,14.95
358,merianae,hunted,male,C,NA,NA,11/27/2009,Yes.sperm,1.6,38,18.5,22,15,7.5,11.5,17,1.73,2.2,2.13,NA,NA,NA,NA,21.76
359,merianae,hunted,male,C,NA,NA,11/27/2009,Yes.sperm,1.9,41,13,24,16.5,7.5,11.5,18.5,1.82,2.46,3.72,NA,NA,NA,NA,38.44
360,merianae,hunted,male,C,NA,NA,11/27/2009,Yes.sperm,1.4,38,28,21,15,7,10,16.5,1.61,2.04,2.19,NA,NA,NA,NA,25.22
361,merianae,hunted,male,C,NA,NA,11/27/2009,Yes.sperm,1.7,39,12.5,24,16.5,7.5,12,18,1.74,2.5,3.05,NA,NA,NA,NA,49.04
363,merianae,hunted,male,C,NA,NA,11/27/2009,Yes.sperm,4.2,49,7.5,33,20.5,10,14.5,19.5,2.08,2.96,5.65,NA,NA,NA,NA,115.77
364,merianae,hunted,male,C,NA,NA,11/27/2009,Yes.sperm,0.85,32,14.5,19,13,5.5,9,15,1.37,1.95,1.38,NA,NA,NA,NA,11.36
366,merianae,hunted,male,C,NA,NA,11/27/2009,No.sperm,0.4,31,15,15.5,11,5.5,8,14,1.2,1.6,0.93,NA,NA,NA,NA,2.78
368,merianae,roadkilled,male,C,NA,NA,11/27/2009,Yes.sperm,NA,NA,NA,NA,NA,NA,NA,NA,NA,NA,NA,NA,NA,NA,NA,NA
370,merianae,hunted.longcautivity,male,A,NA,NA,12/7/2009,Yes.sperm,2.55,43,62,28,17,9,14,22,1.89,2.57,3.62,NA,NA,NA,NA,2.07
372,merianae,hunted.longcautivity,male,A,NA,NA,12/7/2009,No.sperm,2.7,41,68,28,17,8.5,13,18,1,1.63,0.76,NA,NA,NA,NA,153.16
373,merianae,hunted.longcautivity,male,A,NA,NA,12/7/2009,Yes.sperm,1.7,37.5,68.5,24.5,15,7,11,16,1.66,2.57,2.64,NA,NA,NA,NA,12.71
377,merianae,hunted,male,A,NA,NA,12/7/2009,Yes.sperm,1.7,38,65,22.5,15.5,7,11,16,1.51,2.18,2.03,NA,NA,NA,NA,12.88
378,merianae,hunted,male,A,NA,NA,12/7/2009,Yes.sperm,1.7,37,49,21,15,7.5,11.5,18,1.76,2.35,3,NA,NA,NA,NA,4.5
379,merianae,hunted,male,A,NA,NA,12/7/2009,No.sperm,1.55,36,63,25,15,7.5,11,15,NA,NA,NA,NA,NA,NA,NA,NA
380,rufescens,hunted,male,D,NA,NA,12/7/2009,No.sperm,1.1,30,39.5,22.5,11.5,5.5,8.5,14.5,0.98,1.44,0.55,NA,NA,NA,NA,168.54
383,merianae,hunted,male,C,NA,NA,12/7/2009,Yes.sperm,1.15,35,14,20.5,13.5,6.5,9.5,15.5,1.81,2.27,2.37,NA,NA,NA,NA,4.63
385,merianae,hunted,male,C,NA,NA,12/7/2009,Yes.sperm,2.7,42,42,27,17.5,9,12.5,19.5,1.89,2.46,3.36,NA,NA,NA,NA,5.6
387,merianae,hunted,male,C,NA,NA,12/7/2009,Yes.sperm,1.2,33,35,21,13,6,9.5,14.5,1.61,2.59,2.45,NA,NA,NA,NA,15.65
388,merianae,hunted,male,C,NA,NA,12/7/2009,Yes.sperm,1.2,34,45,21,13.5,6,10,16.5,1.5,2.18,1.84,NA,NA,NA,NA,12.49
390,merianae,hunted,male,C,NA,NA,12/7/2009,Yes.sperm,1.9,39,61,26,15.5,7.5,11.5,17,1.68,2.58,2.8,NA,NA,NA,NA,15.05
391,merianae,hunted.longcautivity,male,C,NA,NA,12/16/2009,Yes.sperm,2.75,44,32,27,17.5,8,13,20.5,2.02,2.66,3.98,NA,NA,NA,NA,34.82
393,merianae,hunted.longcautivity,male,C,NA,NA,12/23/2009,No.sperm,0.7,29,53,17,11.5,5.5,8.5,14,0.75,1.32,0.3,NA,NA,NA,NA,3
394,merianae,hunted.longcautivity,male,C,NA,NA,12/23/2009,No.sperm,0.5,29,15.5,16,10.5,5,7.5,13.5,0.49,0.88,0.09,NA,NA,NA,NA,NA
397,merianae,hunted,male,C,NA,NA,12/23/2009,Yes.sperm,1.45,36,27,24,15,6.5,10.5,17,1.59,1.96,1.76,NA,NA,NA,NA,33.52
400,merianae,hunted,male,C,NA,NA,12/23/2009,No.sperm,0.6,27,49,18.5,11.5,5,8.5,13,0.55,1.08,0.13,NA,NA,NA,NA,3.15
401,merianae,hunted,male,C,NA,NA,12/23/2009,No.sperm,0.35,24,11,15,10.5,4.5,7.5,11.5,NA,NA,0.05,NA,NA,NA,NA,1.82
403,merianae,hunted,male,A,"31º47,816'","63º 32,998'",1/13/2010,No.sperm,1.85,37,51,25,16,7,11,17,1.15,1.49,0.63,NA,NA,NA,NA,45.02
405,merianae,hunted.longcautivity,male,C,NA,NA,1/19/2010,Yes.sperm,1.55,37.5,58,23,15,7,10.5,16,0.94,1.67,0.54,NA,NA,NA,NA,28.18
408,merianae,hunted,male,A,"31º 27,250'","63º20,247'",1/21/2010,No.sperm,2.6,41,39,28,18,8,13,19,0.73,1.05,0.22,NA,NA,NA,NA,53.11
409,merianae,hunted,male,A,"31º27,494'","63º22,285'",1/21/2010,No.sperm,2.75,41,64,30,18.5,8.5,14,20,0.93,1.55,0.41,NA,NA,NA,NA,101.27
411,merianae,hunted,male,A,"32º29,091'","63º20,497'",1/21/2010,No.sperm,2.45,41,64,30,17.5,8,13,21,0.96,1.57,0.6,NA,NA,NA,NA,16.87
415,merianae,hunted,male,A,NA,NA,1/28/2010,No.sperm,2.9,46,71,28,18,8.5,13,22,0.84,1.39,0.33,NA,NA,NA,NA,42.15
416,rufescens,hunted,male,H,"30º49´42,5´´","65º16´04,7´´",2/3/2010,No.sperm,NA,32.5,54,23,12,5.5,9,15,NA,NA,NA,NA,NA,NA,NA,NA
417,rufescens,hunted,male,G,NA,NA,2/4/2010,No.sperm,0.8,32,57,16.5,12,5,8,15.5,NA,NA,NA,NA,NA,NA,NA,NA
420,merianae,hunted,male,C,NA,NA,2/9/2010,No.sperm,0.7,29,12,18.5,12.5,5.5,9,14.5,0.39,0.6,0.03,NA,NA,NA,NA,17.4
421,merianae,hunted,male,C,NA,NA,2/9/2010,NA,0.8,28.5,53,17,11,5,7.5,13,NA,NA,NA,NA,NA,NA,NA,NA
422,merianae,hunted,male,C,NA,NA,2/9/2010,NA,0.8,28,45,18,11,5,9,12.5,NA,NA,NA,NA,NA,NA,NA,NA
424,merianae,hunted.longcautivity,male,A,NA,NA,2/25/2010,No.sperm,2.85,44,50,31,18,8.5,14,19,1.09,1.6,0.65,NA,NA,NA,NA,199.07
427,merianae,hunted,male,A,"31º25,389´","63º10,632´",2/25/2010,No.sperm,1.7,36,49.5,25,16,7,11,16,0.75,1.37,0.3,NA,NA,NA,NA,21.12
430,merianae,hunted,male,C,NA,NA,2/25/2010,No.sperm,1.45,34.5,26,22.5,14.5,6.5,11,17,1.15,1.43,0.51,NA,NA,NA,NA,106.64
431,merianae,hunted,male,C,NA,NA,2/25/2010,NA,0.8,30,56,19.5,12,5,9.5,12.5,0.7,1.2,0.2,NA,NA,NA,NA,12.41
432,merianae,hunted,male,C,NA,NA,2/25/2010,No.sperm,1.45,34,25,24.5,15,6.5,10,16,1.12,1.5,0.5,NA,NA,NA,NA,52.75
433,merianae,hunted,male,C,NA,NA,2/25/2010,No.sperm,1.6,35.5,30,24.5,15,6.5,10.5,16.5,1.07,1.85,0.58,NA,NA,NA,NA,69.86
434,merianae,hunted,male,C,NA,NA,2/25/2010,NA,0.9,31,13,19,13,5.5,8.5,15,0.9,1.5,0.47,NA,NA,NA,NA,22.62
435,merianae,hunted,male,C,NA,NA,2/25/2010,No.sperm,0.7,30,38,17,12,5,8.5,13.5,0.52,0.88,0.07,NA,NA,NA,NA,3.48
437,merianae,hunted,male,A,NA,NA,3/4/2010,No.sperm,3.15,41.5,71,32,19,9,13,16,1.26,1.73,0.8,NA,NA,NA,NA,198.45
439,merianae,hunted,male,A,NA,NA,3/4/2010,No.sperm,1.8,38.5,49,24,16.5,8,11.5,15.5,0.87,1.45,0.36,NA,NA,NA,NA,16.48
445,merianae,hunted,male,C,NA,NA,3/29/2010,NA,0.75,32,12,19,12,6,9,15.5,0.54,0.8,0.08,NA,NA,NA,NA,3.57
446,merianae,hunted,male,C,NA,NA,3/29/2010,No.sperm,1.7,38,29,23.5,15.5,7.5,11,17,0.85,1.38,0.4,NA,NA,NA,NA,51.22
448,merianae,hunted,male,C,NA,NA,3/29/2010,NA,0.21,20,15,12.5,7.5,3.5,6,8,NA,NA,NA,NA,NA,NA,NA,NA
449,merianae,hunted,male,C,NA,NA,3/29/2010,NA,0.19,19,20,12,7.5,3.5,6,7,NA,NA,NA,NA,NA,NA,NA,NA
450,merianae,hunted,male,A,NA,NA,10/5/2010,NA,2.5,41.5,46,27.5,17.5,8.5,13,19,1.64,2.54,3.59,NA,NA,NA,NA,153.94
451,merianae,hunted,male,A,NA,NA,10/5/2010,NA,3.15,44,62,31,19,9.5,13.5,20.5,1.63,2.45,3.12,NA,NA,NA,NA,186.22
452,merianae,hunted,male,A,NA,NA,10/5/2010,NA,2.25,41,53.5,26,16.5,7.5,12,19,1.42,2.36,2.46,NA,NA,NA,NA,111.03
453,merianae,hunted,male,A,NA,NA,10/5/2010,NA,2.25,39.5,51.5,27.5,17.5,8,12,18,1.05,1.96,0.94,NA,NA,NA,NA,142.13
455,merianae,hunted,male,A,NA,NA,10/13/2010,NA,2.9,43,71,29,18.5,8.5,14,19,1.8,2.8,4.18,NA,NA,NA,NA,186.54
456,merianae,hunted,male,A,NA,NA,10/13/2010,NA,1.25,34.5,56.5,21.5,14.5,6.5,10,16.5,1.1,1.48,0.59,NA,NA,NA,NA,68.79
457,merianae,hunted,male,A,NA,NA,10/13/2010,NA,2,38,42,25,16.5,8.5,12.5,17,1.31,1.81,1.53,NA,NA,NA,NA,71.88
459,merianae,hunted,male,A,NA,NA,10/13/2010,NA,2.1,39.5,68,28,16.5,8,12,19,1.59,2.24,2.55,NA,NA,NA,NA,174.93
460,merianae,hunted,male,A,NA,NA,10/13/2010,NA,2.9,45,18,31,19.5,9,14,20,2.01,2.59,5.31,NA,NA,NA,NA,231.44
461,merianae,hunted,male,A,NA,NA,10/13/2010,NA,1.25,33,38,21.5,14,6.5,10.5,15,1.06,1.54,0.71,NA,NA,NA,NA,47.4
462,merianae,hunted,male,A,NA,NA,10/13/2010,NA,2.9,43,72,30.5,19.5,18.5,13.5,17.5,2.13,2.86,5.81,NA,NA,NA,NA,109.32
464,merianae,hunted,male,A,NA,NA,10/13/2010,NA,1.75,37.5,64,24.5,16,7.5,11,17.5,1.5,2.18,2.17,NA,NA,NA,NA,66.5
465,merianae,hunted,male,A,NA,NA,10/13/2010,NA,1.2,33,60,21,14.5,6.5,10.5,15,0.74,1.27,0.24,NA,NA,NA,NA,53.19
466,merianae,hunted,male,A,NA,NA,10/13/2010,NA,2.4,39,72,28.5,17.5,8.5,13,18.5,1.23,1.87,1.32,NA,NA,NA,NA,128.09
470,merianae,hunted,male,A,NA,NA,10/13/2010,NA,2,39,66,25,16.5,7.5,12,18,1.43,2.03,2.11,NA,NA,NA,NA,93.66
472,merianae,hunted,male,A,NA,NA,10/13/2010,NA,1.35,35,38,23,14.5,7,10.5,16.5,1.37,2,1.27,NA,NA,NA,NA,32.77
475,merianae,hunted,male,A,NA,NA,10/13/2010,NA,1.15,34,27,19,14,6.5,9.5,16.5,1.11,1.52,0.66,NA,NA,NA,NA,22.96
477,merianae,hunted,male,A,NA,NA,10/25/2010,NA,1.2,33.5,61,22.5,14,7,10,16,1.08,1.33,0.5,NA,NA,NA,NA,37.61
478,merianae,hunted,male,A,NA,NA,10/25/2010,NA,2,38,62,25,16.5,7.5,12.5,17.5,1.26,1.79,1.15,NA,NA,NA,NA,56.32
484,merianae,hunted,male,A,NA,NA,10/25/2010,NA,1.5,34,45,23,15,7,10.5,14.5,1.3,1.92,1.24,NA,NA,NA,NA,66.27
486,merianae,hunted,male,A,NA,NA,10/25/2010,NA,1.55,34.5,59,24,16,7.5,11,16,1.24,1.63,1.07,NA,NA,NA,NA,58.17
487,rufescens,hunted,male,E,NA,NA,10/29/2010,NA,2.2,41.5,65,26,17.5,8,12,17,1.91,2.8,4.69,NA,NA,NA,NA,31.15
488,rufescens,hunted,male,E,NA,NA,10/29/2010,NA,1.25,33.5,58,21,14,6.5,10,14.5,1.62,2.34,2.85,NA,NA,NA,NA,18.33
489,rufescens,hunted,male,E,NA,NA,10/29/2010,NA,2.25,42,55,25,17,8,12,19,2.04,3.3,6.61,NA,NA,NA,NA,41.85
491,rufescens,hunted,male,E,NA,NA,10/29/2010,NA,1.8,36.5,63,22.5,16.5,7,11.5,17,1.88,3.03,5.22,NA,NA,NA,NA,24.31
492,merianae,hunted.longcautivity,male,A,NA,NA,10/29/2010,NA,3.55,46,69,30,19.5,10,14,20.5,2.24,2.835,6.54,NA,NA,NA,NA,60.46
493,merianae,hunted.longcautivity,male,A,NA,NA,10/29/2010,NA,2.2,40.5,67,26,17,8.5,12,18,1.5,2.46,2.54,NA,NA,NA,NA,43.8
495,merianae,hunted.longcautivity,male,A,NA,NA,10/29/2010,NA,1.25,35.5,44,21.5,15,6.5,10.5,16.5,1.22,1.77,1.29,NA,NA,NA,NA,44.15
499,merianae,hunted.longcautivity,male,A,NA,NA,10/29/2010,NA,1.45,37,55,22,15.5,7,10.5,15.5,1.56,2.01,2.06,NA,NA,NA,NA,34.73
500,merianae,hunted.longcautivity,male,A,NA,NA,10/29/2010,NA,2.3,40,65,25.5,17,8.5,12,18.5,1.66,2.555,3.88,NA,NA,NA,NA,70.42
501,merianae,hunted.longcautivity,male,A,NA,NA,10/29/2010,NA,1.9,38.5,56,25,16.5,8.5,12,17.5,1.5,2.1,2.525,NA,NA,NA,NA,69.19
507,merianae,roadkilled,male,A,"31º36,972´","63º39,870´",11/4/2010,NA,NA,36,NA,NA,NA,NA,NA,NA,NA,NA,NA,NA,NA,NA,NA,NA
508,merianae,hunted,male,A,NA,NA,11/4/2010,NA,2.1,40,63,24.5,17,8,12,19,1.67,2.365,2.68,NA,NA,NA,NA,43.9
513,merianae,hunted,male,A,NA,NA,11/4/2010,NA,1.8,37,64,24.5,16,7,11.5,17.5,1.68,2.25,2.03,NA,NA,NA,NA,45.55
515,merianae,hunted,male,A,NA,NA,11/4/2010,NA,1.7,38.5,44,23,16.5,7.5,11.5,17,1.45,2.18,1.49,NA,NA,NA,NA,44.9
517b,rufescens,hunted.longcautivity,male,F,NA,NA,11/16/2010,NA,3.3,47.5,70,27,19,9,13.5,21,NA,NA,NA,NA,NA,NA,NA,NA
519,rufescens,hunted.longcautivity,male,E,NA,NA,11/16/2010,NA,2,40,71,24,16,8.5,11,18.5,1.66,2.505,2.835,NA,NA,NA,NA,46.6
520,rufescens,hunted.longcautivity,male,E,NA,NA,11/16/2010,NA,1.75,39.5,67,21.5,16,7.5,10.5,18,1.68,2.44,2.775,NA,NA,NA,NA,8.27
522,rufescens,hunted.longcautivity,male,E,NA,NA,11/16/2010,NA,0.9,30.5,54,19,13,5.5,8.5,14.5,1.4,1.75,1.35,NA,NA,NA,NA,15.02
523,merianae,hunted,male,A,NA,NA,11/16/2010,NA,2.75,44,31,29,18,9,13,19,2.2,2.8,3.99,NA,NA,NA,NA,21.74
524,merianae,hunted,male,A,NA,NA,11/16/2010,NA,1.85,40.5,66,23.5,16,7.5,12,17.5,1.75,2.4,3.195,NA,NA,NA,NA,32.88
525,merianae,hunted,male,A,NA,NA,11/16/2010,NA,2,38,69.5,25,16,7.5,12,15.5,1.72,2.56,2.755,NA,NA,NA,NA,49.13
534,merianae,hunted,male,A,NA,NA,11/29/2010,NA,2,40,57,24.5,16.5,7.5,12,17.5,1.93,2.58,3.345,NA,NA,NA,NA,50.4
535,merianae,hunted.longcautivity,male,A,NA,NA,11/29/2010,NA,2.15,42,69,26.5,17.5,8,12,18,1.98,2.885,4.47,NA,NA,NA,NA,33.28
536,merianae,hunted.longcautivity,male,A,NA,NA,11/29/2010,NA,1.95,38,59,24.5,16,7.5,11,16.5,1.33,1.84,1.045,NA,NA,NA,NA,69.82
538,merianae,hunted.longcautivity,male,A,NA,NA,11/29/2010,NA,1.25,35.5,61,20.5,14,7,10,15.5,1.89,2.5,3.105,NA,NA,NA,NA,13.64
539,merianae,hunted.longcautivity,male,A,NA,NA,11/29/2010,NA,1.8,40,67,24,16,8,11.5,17.5,1.77,2.35,2.475,NA,NA,NA,NA,35.18
541,merianae,hunted.longcautivity,male,A,NA,NA,11/29/2010,NA,1.6,36.5,55,21,15.5,7.5,11,17,1.7,2.175,2.645,NA,NA,NA,NA,15.19
542,merianae,hunted.longcautivity,male,A,NA,NA,11/29/2010,NA,1.55,36.5,68,24,15.5,7,11,17,1.79,2.385,2.935,NA,NA,NA,NA,9.18
545,merianae,hunted.longcautivity,male,A,NA,NA,11/29/2010,NA,2.2,41.5,58,25,17,8.5,12.5,20.5,1.58,2.195,2.09,NA,NA,NA,NA,12.98
546,merianae,hunted.longcautivity,male,A,NA,NA,11/29/2010,NA,1.8,37.5,45,23,16,7.5,11.5,17,1.93,2.685,3.575,NA,NA,NA,NA,1.93
547,merianae,hunted,male,A,NA,NA,11/29/2010,NA,1.75,41,39,22,15,7,10.5,19,1.78,2.175,3.205,NA,NA,NA,NA,47.69
548,merianae,hunted.longcautivity,male,A,NA,NA,11/29/2010,NA,1.5,37.5,49,22.5,15.5,7.5,11.5,17,2.11,2.57,4.425,NA,NA,NA,NA,5.1
553,merianae,hunted.longcautivity,male,A,NA,NA,11/29/2010,NA,1.5,39,21,22,15.5,7.5,10.5,15.5,1.74,2.19,2.69,NA,NA,NA,NA,1.35
554,merianae,hunted.longcautivity,male,A,NA,NA,11/29/2010,NA,2,41,23.5,24,16.5,7.5,12,18,1.87,2.42,2.85,NA,NA,NA,NA,4.17
558,merianae,hunted.longcautivity,male,A,NA,NA,11/29/2010,NA,1,34,55,19.5,13,6.5,10,14.5,1.08,1.495,0.575,NA,NA,NA,NA,21.64
562,merianae,hunted.longcautivity,male,A,NA,NA,12/13/2010,NA,1.1,34,57,21,13,6,9.5,15.5,0.83,1.275,0.27,NA,NA,NA,NA,10.71
568,merianae,hunted.longcautivity,male,A,NA,NA,12/13/2010,NA,2.4,41,52,27.5,17,8,12.5,19.5,1.83,2.525,2.615,NA,NA,NA,NA,57.19
569,merianae,hunted.longcautivity,male,A,NA,NA,12/13/2010,NA,1.85,39.5,68,23,16,8,11.5,17,1.48,2.05,1.475,NA,NA,NA,NA,25.83
570,merianae,hunted.longcautivity,male,A,NA,NA,12/13/2010,NA,1.4,36.5,41,22,14.5,6.5,10,16.5,1.01,1.335,0.405,NA,NA,NA,NA,9.47
573,merianae,hunted,male,A,NA,NA,12/13/2010,NA,2.9,46,44,26.5,18.5,9,13,21,1.09,1.8,0.655,NA,NA,NA,NA,10.13
579,merianae,hunted,male,A,NA,NA,12/13/2010,NA,2.1,41,20,25,17,8,12.5,18,1.68,2.335,2.29,NA,NA,NA,NA,17.56
581,merianae,hunted,male,A,NA,NA,12/13/2010,NA,1,32.5,27,19.5,13.5,6,9.5,14,0.84,1.31,0.365,NA,NA,NA,NA,7.74
584,merianae,hunted,male,A,NA,NA,12/13/2010,NA,2,40,53,22.5,16.5,7.5,11.5,18,1.7,2.11,2.1,NA,NA,NA,NA,5.27
586,rufescens,hunted,male,E,NA,NA,1/7/2011,NA,3.2,45,75,33,18,8.5,14,18.5,1.06,1.57,0.54,NA,NA,NA,NA,15.71
587,rufescens,hunted,male,E,NA,NA,1/7/2011,NA,2.8,45,63,27,17.5,8.5,13.5,20,1.04,1.49,0.73,NA,NA,NA,NA,21.04
588,rufescens,hunted,male,E,NA,NA,1/7/2011,NA,1.5,37.5,63,24,15,6.5,10,18,0.69,1.04,0.185,NA,NA,NA,NA,50.04
589,rufescens,hunted,male,E,NA,NA,1/7/2011,NA,3.2,44,28,30,19.5,9,13.5,19.5,0.95,1.555,0.48,NA,NA,NA,NA,94.46
590,rufescens,hunted,male,E,NA,NA,1/7/2011,NA,2.4,42.5,50,28.5,17,8.5,12.5,18,0.83,1.28,0.33,NA,NA,NA,NA,37.97
591,rufescens,hunted,male,E,NA,NA,1/13/2011,NA,1.4,33,60,21,14,6.5,10,15,0.72,1,0.175,NA,NA,NA,NA,8.1
594,rufescens,hunted.longcautivity,male,E,NA,NA,1/13/2011,NA,2.9,45,71,29.5,18.5,8.5,13,20,0.86,1.155,0.365,NA,NA,NA,NA,23.25
596,merianae,hunted,male,A,NA,NA,1/13/2011,NA,1.85,39,53,25,15,7.5,11,14,0.9,1.38,0.38,NA,NA,NA,NA,1.58
597,merianae,hunted,male,A,NA,NA,1/13/2011,NA,2.8,43,36,27,18,9,13,17,1.03,1.595,0.72,NA,NA,NA,NA,12.05
601,rufescens,hunted.longcautivity,male,E,NA,NA,1/25/2011,NA,1.1,35,61,19,13,6,9.5,16.5,NA,NA,NA,NA,NA,NA,NA,NA
602,rufescens,hunted.longcautivity,male,E,NA,NA,1/25/2011,NA,1.3,35,60,22,14.5,6.5,10,13.5,NA,NA,NA,NA,NA,NA,NA,NA
603,rufescens,hunted.longcautivity,male,E,NA,NA,1/25/2011,NA,2.1,39.5,55,28,16,7.5,11.5,17,NA,NA,NA,NA,NA,NA,NA,NA
604,rufescens,hunted,male,E,NA,NA,2/1/2011,NA,2.8,43,70,30,18,8,13,21.5,NA,NA,NA,NA,NA,NA,NA,150.45
607,rufescens,hunted,male,E,NA,NA,2/4/2011,NA,0.7,30,50,17,11.5,5.5,8.5,14.5,0.41,0.64,0.035,NA,NA,NA,NA,12.22
608,rufescens,hunted,male,E,NA,NA,3/1/2011,NA,1.6,36.5,63,24,15,6.5,10.5,17.5,0.59,1.1275,0.105,NA,NA,NA,NA,49.53
609,rufescens,hunted,male,E,NA,NA,3/1/2011,NA,2.35,39.5,35,25,17,7.5,11.5,17.5,1.06,1.671,0.44,NA,NA,NA,NA,146.61
610,rufescens,hunted,male,E,NA,NA,3/1/2011,NA,1,32,59,18.5,12,6,9,14.5,0.6,0.9845,0.085,NA,NA,NA,NA,34.53
611,rufescens,hunted,male,E,NA,NA,3/1/2011,NA,2.25,39.5,46,27,17,7,11.5,18.5,0.87,1.328,0.235,NA,NA,NA,NA,134.02
612,rufescens,hunted,male,E,NA,NA,3/15/2011,NA,2.65,41.5,67,31,17.5,7.5,12.5,18.5,0.99,1.5665,0.465,NA,NA,NA,NA,229.45
615,merianae,hunted.longcautivity,male,A,NA,NA,3/15/2011,NA,2,38,69,25,16,7,11.5,17,0.9,1.5175,0.335,NA,NA,NA,NA,61.99
617,merianae,hunted,male,A,NA,NA,9/28/2011,NA,2.35,41,66,28.5,17,8.5,12.5,18,NA,NA,NA,NA,NA,NA,NA,66.09
619,merianae,hunted,male,A,NA,NA,9/28/2011,NA,2.15,39.5,67,28.5,17.5,8,12.5,19,NA,NA,NA,NA,NA,NA,NA,146.34
620,merianae,hunted,male,A,NA,NA,9/28/2011,NA,2.15,40,71.5,26,17,8,13,18,NA,NA,NA,NA,NA,NA,NA,63.38
623,merianae,hunted,male,A,NA,NA,9/28/2011,NA,2.15,41,60,25,16.5,8,12,18.5,NA,NA,NA,NA,NA,NA,NA,72.83
624,merianae,hunted,male,A,NA,NA,9/28/2011,NA,1.4,36,38,21.5,15,6.5,11,16,NA,NA,NA,NA,NA,NA,NA,36.48
625,merianae,hunted,male,A,NA,NA,10/4/2011,NA,2.7,43,49,28,18.5,9,13,19.5,NA,NA,NA,NA,NA,NA,NA,134.12
626,merianae,hunted,male,A,NA,NA,10/4/2011,NA,2.5,40,20,29.5,18,8.5,12.5,18.5,NA,NA,NA,NA,NA,NA,NA,156.17
627,merianae,hunted,male,A,NA,NA,10/4/2011,NA,2.15,40,56,25.5,17,8,12.5,18.5,NA,NA,NA,NA,NA,NA,NA,82.61
628,merianae,hunted,male,A,NA,NA,10/4/2011,NA,2.55,44,69,27.5,18,8.5,13,20.5,NA,NA,NA,NA,NA,NA,NA,119.11
630,merianae,hunted,male,A,NA,NA,10/4/2011,NA,1.8,38,67,24,15.5,7.5,11,18,NA,NA,NA,NA,NA,NA,NA,53.61
631,merianae,hunted,male,A,NA,NA,10/4/2011,NA,1.7,39.5,19,23,15.5,7.5,11,17.5,NA,NA,NA,NA,NA,NA,NA,75.52
632,merianae,hunted.longcautivity,male,A,NA,NA,10/18/2011,NA,2.85,46,30.5,26,18,9.5,13,19,NA,NA,NA,NA,NA,NA,NA,66.66
633,merianae,hunted.longcautivity,male,A,NA,NA,10/18/2011,NA,1.65,34,45,23,16,7.5,12,14.5,NA,NA,NA,NA,NA,NA,NA,20.67
634,merianae,hunted.longcautivity,male,A,NA,NA,10/18/2011,NA,2.05,39,68,27,18,8,13,16,NA,NA,NA,NA,NA,NA,NA,74.1
635,merianae,hunted.longcautivity,male,A,NA,NA,10/18/2011,NA,2.4,40,65.5,29.5,17,8,14,19,NA,NA,NA,NA,NA,NA,NA,75.83
636,rufescens,hunted.longcautivity,male,F,NA,NA,10/11/2011,NA,1.95,38.5,65,25,16.5,7.5,12,17,NA,NA,NA,NA,NA,NA,NA,68.49
638,merianae,hunted.longcautivity,male,A,NA,NA,10/18/2011,NA,1.25,35.5,46,21,14,6.5,11,16,NA,NA,NA,NA,NA,NA,NA,12.26
639,merianae,hunted.longcautivity,male,A,NA,NA,10/18/2011,NA,1.85,37,12,24,16,7.5,11,18,NA,NA,NA,NA,NA,NA,NA,53.56
640,merianae,hunted.longcautivity,male,A,NA,NA,10/18/2011,NA,1.6,36,60,22.5,15.5,7,11,17,NA,NA,NA,NA,NA,NA,NA,45.59
641,merianae,hunted.longcautivity,male,A,NA,NA,10/18/2011,NA,1.8,38.5,33,25,16,7.5,11.5,19,NA,NA,NA,NA,NA,NA,NA,36.99
642,merianae,hunted.longcautivity,male,A,NA,NA,10/18/2011,NA,1.9,37,70,25,16,7.5,11.5,18,NA,NA,NA,NA,NA,NA,NA,48.09
643,merianae,hunted.longcautivity,male,A,NA,NA,10/18/2011,NA,2.6,42,50,27,18,9,14,18,NA,NA,NA,NA,NA,NA,NA,58.7
645,merianae,hunted.longcautivity,male,A,NA,NA,10/18/2011,NA,2.9,43.5,77,28.5,18,9,14,19.5,NA,NA,NA,NA,NA,NA,NA,63.51
646,merianae,hunted.longcautivity,male,A,NA,NA,10/18/2011,NA,1.9,39,23,24,16.5,8.5,12.5,17.5,NA,NA,NA,NA,NA,NA,NA,53.41
648,merianae,hunted.longcautivity,male,A,NA,NA,10/18/2011,NA,2.2,41.5,49.5,26,17.5,8.5,13.5,22,NA,NA,NA,NA,NA,NA,NA,55.84
650,merianae,hunted.longcautivity,male,A,NA,NA,10/26/2011,NA,1.5,36.5,43,21,15,7,10.5,15.5,NA,NA,NA,NA,NA,NA,NA,32.06
653,rufescens,roadkilled,male,H,"31º09´54,9´´","63º14´05,6´´ ",10/18/2011,NA,2.5,39,62,30.5,19,8.5,13,18.5,NA,NA,NA,NA,NA,NA,NA,153.33
654,rufescens,hunted,male,F,NA,NA,10/26/2011,NA,3.75,46,75.5,33,20,9,14,21.5,NA,NA,NA,NA,NA,NA,NA,131.1
655,rufescens,hunted,male,E,NA,NA,10/26/2011,NA,2.9,42,69,29.5,19.5,9,13.5,17.5,NA,NA,NA,NA,NA,NA,NA,99.55
656,rufescens,hunted.longcautivity,male,E,NA,NA,10/26/2011,NA,3.5,44.5,70,30,19,9.5,14,21,NA,NA,NA,NA,NA,NA,NA,153.12
657,rufescens,hunted,male,E,NA,NA,10/26/2011,NA,NA,43,60,NA,NA,NA,NA,NA,NA,NA,NA,NA,NA,NA,NA,NA
658,rufescens,hunted,male,E,NA,NA,10/26/2011,NA,2.6,40,45,26.5,18.5,9,13,17.5,NA,NA,NA,NA,NA,NA,NA,86.86
659,merianae,live,male,B,NA,NA,10/26/2011,NA,NA,28,NA,NA,NA,NA,NA,NA,NA,NA,NA,NA,NA,NA,NA,NA
660,rufescens,hunted,male,B,NA,NA,11/2/2011,NA,1.8,40,45.5,26,16.5,8,12,18.5,NA,NA,NA,NA,NA,NA,NA,38.69
661,merianae,hunted.longcautivity,male,B,NA,NA,10/26/2011,NA,3.5,46,66,33,19,9,14.5,20.5,NA,NA,NA,NA,NA,NA,NA,98.09
662,merianae,hunted.longcautivity,male,B,NA,NA,10/26/2011,NA,2.2,39,50,26,16,7.5,11.5,19,NA,NA,NA,NA,NA,NA,NA,65.37
663,merianae,hunted,male,B,NA,NA,10/26/2011,NA,2.45,42.5,52,27,17,8,12,19,NA,NA,NA,NA,NA,NA,NA,114.35
664,rufescens,hunted.longcautivity,male,F,NA,NA,11/2/2011,NA,2.85,45,41,28,18,9,13,24,NA,NA,NA,NA,NA,NA,NA,98.47
665,rufescens,hunted,male,E,NA,NA,11/2/2011,NA,1.8,39,56,23,16.5,7.5,12,22,NA,NA,NA,NA,NA,NA,NA,34.08
666,rufescens,hunted,male,E,NA,NA,11/2/2011,NA,3.3,43.5,52,32,19.5,9,14.5,19,NA,NA,NA,NA,NA,NA,NA,109.5
667,rufescens,hunted,male,E,NA,NA,11/2/2011,NA,2.85,40.5,70,25.5,16.5,7.5,12,18,NA,NA,NA,NA,NA,NA,NA,39.17
668,rufescens,hunted,male,E,NA,NA,11/2/2011,NA,1.6,38,60,24,16.5,8,11.5,18.5,NA,NA,NA,NA,NA,NA,NA,48.22
669,rufescens,hunted,male,E,NA,NA,11/2/2011,NA,2.45,44,23,29.5,18,8.5,12.5,19.5,NA,NA,NA,NA,NA,NA,NA,NA
670,merianae,hunted,male,A,NA,NA,11/2/2011,NA,3.05,43,52,29,18.5,9.5,14,19,NA,NA,NA,NA,NA,NA,NA,55.47
676,merianae,hunted,male,A,NA,NA,11/2/2011,NA,2.6,42,49.5,26,18,9,14,22,NA,NA,NA,NA,NA,NA,NA,51.11
679,merianae,hunted,male,A,NA,NA,11/2/2011,NA,1.3,35.5,67,23,14,7,11,17,NA,NA,NA,NA,NA,NA,NA,6.73
681,rufescens,hunted,male,B,"31º05´27,5´´","63º09´25,4´´",11/9/2011,NA,2,37,56.5,25,17.5,8,12,17,NA,NA,NA,NA,NA,NA,NA,24.76
683,rufescens,hunted.longcautivity,male,B,NA,NA,11/9/2011,NA,3.8,48,47,30,20,10,5,21.5,NA,NA,NA,NA,NA,NA,NA,53.49
684,rufescens,hunted.longcautivity,male,B,NA,NA,11/9/2011,NA,1.8,33.5,36,21,14.5,7,11,18,NA,NA,NA,NA,NA,NA,NA,20.61
685,rufescens,hunted.longcautivity,male,B,NA,NA,11/9/2011,NA,2.7,42.5,54,27,18.5,9,14,16.5,NA,NA,NA,NA,NA,NA,NA,59.49
686,rufescens,hunted.longcautivity,male,B,NA,NA,11/9/2011,NA,2.35,40.5,58,24,18,8.5,13,17,NA,NA,NA,NA,NA,NA,NA,11.49
687,rufescens,hunted.longcautivity,male,E,NA,NA,11/9/2011,NA,3.1,45,57,32,19,9,14.5,21.5,NA,NA,NA,NA,NA,NA,NA,NA
689,rufescens,hunted,male,B,NA,NA,11/9/2011,NA,1.15,33.5,57.5,21,14,6.5,12,14,NA,NA,NA,NA,NA,NA,NA,12.53
691,merianae,hunted,male,B,NA,NA,11/9/2011,NA,3.1,44,55.5,29.5,18.5,10,14,19,NA,NA,NA,NA,NA,NA,NA,47.27
692,merianae,hunted,male,B,NA,NA,11/9/2011,NA,2.15,40,56,25.5,17.5,8.5,12.5,17.5,NA,NA,NA,NA,NA,NA,NA,21.53
693,merianae,hunted,male,B,NA,NA,11/9/2011,NA,1.95,39,59,24,16.5,8,12,16.5,NA,NA,NA,NA,NA,NA,NA,18.52
694,merianae,hunted,male,B,NA,NA,11/9/2011,NA,2.25,42,51,26,17.5,9,13,17.5,NA,NA,NA,NA,NA,NA,NA,25.21
697,merianae,hunted,male,B,NA,NA,11/9/2011,NA,3.2,48,77,29,18.5,9,14,17.5,NA,NA,NA,NA,NA,NA,NA,47.86
698,rufescens,roadkilled,male,H,"31º20´22,5´´","63º55´17,3´´",11/9/2011,NA,4.2,46.5,72.5,34,20,10.5,16,23,NA,NA,NA,NA,NA,NA,NA,102.09
703,rufescens,hunted,male,B,NA,NA,11/22/2011,NA,2.6,43,69.5,26,17,8,12,21,NA,NA,NA,NA,NA,NA,NA,52.7
704,merianae,hunted,male,B,NA,NA,11/22/2011,NA,3,43,68,27.5,19,9.5,13,20,NA,NA,NA,NA,NA,NA,NA,32.19
705,rufescens,hunted,male,B,NA,NA,11/22/2011,NA,1.35,37,37.5,21,14,6.5,10.5,20,NA,NA,NA,NA,NA,NA,NA,1.2
706,rufescens,hunted,male,B,NA,NA,11/22/2011,NA,2.8,43.5,55,27,18,9,14,19,NA,NA,NA,NA,NA,NA,NA,9.69
707,merianae,hunted,male,B,NA,NA,11/22/2011,NA,1.8,38,63,23,15,7.5,11.5,17.5,NA,NA,NA,NA,NA,NA,NA,29.19
708,rufescens,roadkilled,male,A,NA,NA,11/16/2011,NA,2.8,44,16,28.5,19.5,9,14,21,NA,NA,NA,NA,NA,NA,NA,15.71
709,merianae,hunted,male,A,NA,NA,11/22/2011,NA,1.95,41,70,24,15.5,8,11.5,18,NA,NA,NA,NA,NA,NA,NA,56.16
710,merianae,hunted,male,A,NA,NA,11/22/2011,NA,1.8,39.5,54,26,15.5,8,12,17.5,NA,NA,NA,NA,NA,NA,NA,15.1
712,merianae,hunted,male,A,NA,NA,11/22/2011,NA,3,44,71,28.5,18,8.5,13,17,NA,NA,NA,NA,NA,NA,NA,90.85
713,merianae,hunted,male,A,NA,NA,11/22/2011,NA,2,41,33,24.5,16,8,12,18,NA,NA,NA,NA,NA,NA,NA,27.19
714,merianae,hunted,male,A,NA,NA,11/22/2011,NA,1.85,38.5,71,23,15,7,11.5,17,NA,NA,NA,NA,NA,NA,NA,3.06
719,rufescens,hunted,male,E,NA,NA,11/22/2011,NA,2.9,44,71,27,18,9,13.5,20,NA,NA,NA,NA,NA,NA,NA,35.48
721,rufescens,hunted,male,E,"29º40´14,0´´","64º02´21,5´´",11/22/2011,NA,3,45,40,26,17.5,9,14,18,NA,NA,NA,NA,NA,NA,NA,18.21
722,rufescens,hunted,male,D,NA,NA,11/22/2011,NA,NA,43.5,NA,NA,NA,NA,NA,NA,NA,NA,NA,NA,NA,NA,NA,3.57
724,rufescens,hunted,male,D,NA,NA,11/22/2011,NA,NA,44,NA,NA,NA,NA,NA,NA,NA,NA,NA,NA,NA,NA,NA,NA
725,rufescens,hunted,male,D,NA,NA,11/22/2011,NA,NA,42.5,NA,NA,NA,NA,NA,NA,NA,NA,NA,NA,NA,NA,NA,NA
726,rufescens,hunted,male,F,NA,NA,11/24/2011,NA,2.45,40.5,71,28,18.5,8.5,14,18.5,NA,NA,NA,NA,NA,NA,NA,38.02
728,rufescens,hunted,male,E,NA,NA,11/24/2011,NA,1.85,37,66,25.5,16,9.5,11.5,16,NA,NA,NA,NA,NA,NA,NA,33.8
730,rufescens,hunted,male,E,NA,NA,11/2/2011,NA,2.1,41,23.5,24,17,7.5,12,18,NA,NA,NA,NA,NA,NA,NA,7.82
732,rufescens,hunted,male,F,NA,NA,12/1/2011,NA,NA,43,NA,NA,NA,NA,NA,NA,NA,NA,NA,NA,NA,NA,NA,NA
733,rufescens,hunted,male,E,NA,NA,12/2/2011,NA,2.7,43.5,60,27,18,8.5,12.5,20.5,NA,NA,NA,NA,NA,NA,NA,49.96
734,rufescens,hunted,male,E,NA,NA,12/2/2011,NA,3,47,32,28,19,9,13,20.5,NA,NA,NA,NA,NA,NA,NA,36.39
735,rufescens,hunted,male,E,NA,NA,12/2/2011,NA,2.15,43,19,24.5,17,8,12,18.5,NA,NA,NA,NA,NA,NA,NA,13.32
736,rufescens,hunted.longcautivity,male,E,NA,NA,12/2/2011,NA,1.9,41,46,25,16.5,7,11,19.5,NA,NA,NA,NA,NA,NA,NA,NA
737,rufescens,hunted,male,E,NA,NA,12/2/2011,NA,1.2,36,61,20.5,13.5,6,10,17,NA,NA,NA,NA,NA,NA,NA,8.63
738,rufescens,hunted,male,B,NA,NA,12/2/2011,NA,2.35,43,70,30,17,7.5,12,19,NA,NA,NA,NA,NA,NA,NA,62.25
739,rufescens,hunted,male,B,NA,NA,12/2/2011,NA,1.55,38.5,21,23.5,14,6.5,10.5,17,NA,NA,NA,NA,NA,NA,NA,NA
740,rufescens,hunted,male,B,NA,NA,12/2/2011,NA,1.7,38,18,25,16,7,11.5,18,NA,NA,NA,NA,NA,NA,NA,12.11
744,rufescens,hunted,male,B,NA,NA,12/2/2011,NA,3.25,46.5,60,29,20,10,14,21.5,NA,NA,NA,NA,NA,NA,NA,6.88
746,merianae,hunted.longcautivity,male,A,NA,NA,12/2/2011,NA,1.25,35.5,62,18.5,13.5,6,9.5,17,NA,NA,NA,NA,NA,NA,NA,1.22
749,rufescens,hunted.longcautivity,male,A,NA,NA,12/2/2011,NA,1.45,37.5,16,20,15,6.5,11,17.5,NA,NA,NA,NA,NA,NA,NA,4.14
753,rufescens,hunted.longcautivity,male,A,NA,NA,12/2/2011,NA,1.65,40.5,66,22,14.5,7,11.5,19,NA,NA,NA,NA,NA,NA,NA,21.14
755,rufescens,hunted,male,A,NA,NA,12/2/2011,NA,1.65,38.5,62,21,15,7,10.5,18,NA,NA,NA,NA,NA,NA,NA,NA
756,merianae,hunted,male,A,NA,NA,12/2/2011,NA,1.35,37.5,63,20.5,13.5,6.5,10.5,18,NA,NA,NA,NA,NA,NA,NA,NA
757,merianae,hunted,male,A,NA,NA,12/2/2011,NA,1.1,34,53,19,13,6,9.5,16,NA,NA,NA,NA,NA,NA,NA,0.94
758,merianae,hunted,male,A,NA,NA,12/2/2011,NA,2.2,40,58,27.5,17.5,7.5,11,20,NA,NA,NA,NA,NA,NA,NA,5.17
759,merianae,hunted,male,A,NA,NA,12/2/2011,NA,1.8,39.5,49,22,15,6.5,10.5,17.5,NA,NA,NA,NA,NA,NA,NA,2.45
760,merianae,hunted,male,A,NA,NA,12/2/2011,NA,2.5,41.5,71,29,17.5,8,12.5,18.5,NA,NA,NA,NA,NA,NA,NA,32.26
762,merianae,hunted,male,A,NA,NA,12/2/2011,NA,1.7,40,35,18.5,15,7,10.5,18.5,NA,NA,NA,NA,NA,NA,NA,0.85
763,merianae,hunted,male,A,NA,NA,12/2/2011,NA,0.8,30.5,51,15.5,12.5,5.5,9,14.5,NA,NA,NA,NA,NA,NA,NA,1.45
764,merianae,hunted,male,A,NA,NA,12/2/2011,NA,1.2,35.5,63,21,13.5,6,10,16.5,NA,NA,NA,NA,NA,NA,NA,6.85
765,merianae,hunted,male,A,NA,NA,12/2/2011,NA,1.45,36,66,21,15,7,11,16,NA,NA,NA,NA,NA,NA,NA,11.06
766,merianae,hunted,male,A,NA,NA,12/2/2011,NA,1.3,36,43,20,14,6,9.5,17.5,NA,NA,NA,NA,NA,NA,NA,NA
771,merianae,hunted,male,C,NA,NA,12/6/2011,NA,1.4,35.5,64,22,14.5,6.5,10,16.5,NA,NA,NA,NA,NA,NA,NA,6.16
772,merianae,hunted,male,C,NA,NA,12/6/2011,NA,1.35,34,34,23,15,6.5,9.5,16,NA,NA,NA,NA,NA,NA,NA,15.11
773,merianae,hunted.longcautivity,male,C,NA,NA,12/6/2011,NA,2.1,38.5,66,25,16,7.5,11.5,17.5,NA,NA,NA,NA,NA,NA,NA,29.87
774,merianae,hunted.longcautivity,male,C,NA,NA,12/6/2011,NA,2.85,43,62,28,17,9,13,20.5,NA,NA,NA,NA,NA,NA,NA,57.55
778,merianae,hunted,male,B,NA,NA,12/13/2011,NA,1.55,41.5,19,15,NA,NA,NA,NA,NA,NA,NA,NA,NA,NA,NA,2.29
779,merianae,hunted,male,B,NA,NA,12/13/2011,NA,3.35,45.5,55,29,18,9,13.5,21.5,NA,NA,NA,NA,NA,NA,NA,128.23
781,rufescens,hunted,male,E,NA,NA,12/20/2011,NA,0.95,34,50,17,12.5,5.5,9,16.5,NA,NA,NA,NA,NA,NA,NA,1.31
782,rufescens,hunted,male,E,NA,NA,12/20/2011,NA,1.05,34.5,55,17.5,13,6,9.5,17,NA,NA,NA,NA,NA,NA,NA,0.98
786,rufescens,hunted.longcautivity,male,A,NA,NA,12/20/2011,NA,1.2,35,15,21,14,6.5,9,17,NA,NA,NA,NA,NA,NA,NA,1.82
787,merianae,hunted.longcautivity,male,A,NA,NA,12/20/2011,NA,1.6,38,68,22,15.5,7,11.5,18.5,NA,NA,NA,NA,NA,NA,NA,8.83
788,rufescens,hunted.longcautivity,male,A,NA,NA,12/20/2011,NA,1.8,42,66,23.5,15.5,7.5,12,18.5,NA,NA,NA,NA,NA,NA,NA,3.54
791,merianae,hunted.longcautivity,male,A,NA,NA,12/20/2011,NA,1.8,39.5,68,22,15,7,10.5,19,NA,NA,NA,NA,NA,NA,NA,1.18
796,merianae,hunted.longcautivity,male,B,NA,NA,12/22/2011,NA,2.4,41.5,62,24.5,16.5,7.5,12,19,NA,NA,NA,NA,NA,NA,NA,3.54
797,rufescens,hunted,male,E,NA,NA,12/29/2011,NA,1.8,40,65,23.5,16,7.5,12,18.5,NA,NA,NA,NA,NA,NA,NA,20.81
798,merianae,hunted,male,B,NA,NA,12/29/2011,NA,2.65,44.5,63,26,17,8.5,12.5,19.5,NA,NA,NA,NA,NA,NA,NA,3.36
799,rufescens,hunted,male,B,NA,NA,12/29/2011,NA,1.95,36,62,27,16,9,12,20,NA,NA,NA,NA,NA,NA,NA,2.69
802,merianae,hunted,male,C,NA,NA,1/5/2012,NA,1.15,34.5,63,21,13,6,9.5,16,NA,NA,NA,NA,NA,NA,NA,29.07
803,merianae,hunted,male,C,NA,NA,12/29/2011,NA,NA,33.5,NA,NA,NA,NA,NA,NA,NA,NA,NA,NA,NA,NA,NA,3.71
804,merianae,hunted,male,C,NA,NA,12/29/2011,NA,NA,37.5,NA,NA,NA,NA,NA,NA,NA,NA,NA,NA,NA,NA,NA,9.61
805,rufescens,hunted,male,E,NA,NA,1/5/2012,NA,2.15,42.5,77,15,16.5,7.5,11,20.5,NA,NA,NA,NA,NA,NA,NA,28.1
808,merianae,hunted,male,A,NA,NA,1/5/2012,NA,2.05,41.5,43,22.5,16,7.5,11.5,20,NA,NA,NA,NA,NA,NA,NA,12.28
809,merianae,hunted,male,A,NA,NA,1/5/2012,NA,2.1,43,70,22,16,7.5,11.5,21,NA,NA,NA,NA,NA,NA,NA,20.85
810,merianae,hunted,male,A,NA,NA,1/5/2012,NA,1.1,32.5,51,21,13.5,6,9,16.5,NA,NA,NA,NA,NA,NA,NA,15.47
811,rufescens,hunted,male,E,NA,NA,2/3/2012,NA,2.15,41,36,26.5,17,8,11,18,NA,NA,NA,NA,NA,NA,NA,31.86
812,rufescens,hunted,male,E,NA,NA,2/3/2012,NA,1.65,38,58,22,15,7,11,17.5,NA,NA,NA,NA,NA,NA,NA,23.12
813,merianae,hunted,male,A,NA,NA,2/3/2012,NA,2.5,41,65,16,16.5,7.5,11,19,NA,NA,NA,NA,NA,NA,NA,18.47
814,merianae,hunted,male,A,NA,NA,2/3/2012,NA,2.05,39,54,24,17,7.5,11.5,17.5,NA,NA,NA,NA,NA,NA,NA,55.28
815,merianae,hunted,male,A,NA,NA,2/3/2012,NA,2.5,42,52,27,17,8,12,19,NA,NA,NA,NA,NA,NA,NA,48
816,rufescens,hunted.longcautivity,male,E,NA,NA,2/29/2012,NA,0.3,24.5,26.5,13,9,4,7,11,NA,NA,NA,NA,NA,NA,NA,0.99
820,rufescens,hunted.longcautivity,male,E,NA,NA,2/29/2012,NA,0.35,24.5,25,13,8.5,4.5,7,12.5,NA,NA,NA,NA,NA,NA,NA,6.19
821,rufescens,hunted.longcautivity,male,E,NA,NA,2/29/2012,NA,1.85,37,60,24,16,7.5,11,16.3,NA,NA,NA,NA,NA,NA,NA,49.77
822,rufescens,hunted.longcautivity,male,E,NA,NA,2/29/2012,NA,2.9,43,59,29,18,8,13,20,NA,NA,NA,NA,NA,NA,NA,106.77
825,merianae,hunted.longcautivity,male,A,NA,NA,2/29/2012,NA,1.35,36,59,20,14,6.5,10.5,16,NA,NA,NA,NA,NA,NA,NA,24.91
827,merianae,hunted.longcautivity,male,A,NA,NA,2/29/2012,NA,2.95,45,74,26,18,8,13,19,NA,NA,NA,NA,NA,NA,NA,82.66
829,merianae,hunted.longcautivity,male,A,NA,NA,2/29/2012,NA,2.8,41.5,73,27,17,8,13,20,NA,NA,NA,NA,NA,NA,NA,106.04
831,merianae,hunted.longcautivity,male,A,NA,NA,2/29/2012,NA,2.2,42,72,24,16,7.5,11.5,17.5,NA,NA,NA,NA,NA,NA,NA,30.36
832,merianae,hunted.longcautivity,male,A,NA,NA,2/29/2012,NA,2.1,41,43,27,16,8,12,18,NA,NA,NA,NA,NA,NA,NA,46.72
835,merianae,hunted.longcautivity,male,A,NA,NA,2/29/2012,NA,0.7,29,55,18,12,6,9,13.5,NA,NA,NA,NA,NA,NA,NA,18.2
836,merianae,hunted.longcautivity,male,A,NA,NA,2/29/2012,NA,0.6,31,28.5,18,12.5,6,9.5,14.5,NA,NA,NA,NA,NA,NA,NA,16.85
838,merianae,hunted.longcautivity,male,A,NA,NA,2/29/2012,NA,1.15,34.5,31,22,13.5,6.5,11,15.5,NA,NA,NA,NA,NA,NA,NA,30.77
840,merianae,hunted,male,A,NA,NA,2/29/2012,NA,1.6,36.5,53,24,14.5,6.5,10.5,16.5,NA,NA,NA,NA,NA,NA,NA,76.83
842,merianae,hunted,male,A,NA,NA,2/29/2012,NA,0.7,27,42,19,11.5,5,8,13,NA,NA,NA,NA,NA,NA,NA,10.35
843,merianae,hunted,male,A,NA,NA,2/29/2012,NA,1.2,33,54,21,13.5,6.5,10,15,NA,NA,NA,NA,NA,NA,NA,23.05
844,merianae,hunted,male,A,NA,NA,2/29/2012,NA,2.05,38,64,25,16.5,8.5,12,18,NA,NA,NA,NA,NA,NA,NA,55.52
473,merianae,hunted,male,A,NA,NA,10/13/2010,NA,1.4,35,51,21.5,15.5,7,11,16,0.99,1.54,0.61,NA,NA,NA,NA,39.56
341,merianae,roadkilled,NA,C,NA,NA,11/22/2009,NA,NA,33.5,17,26,18,9,13,17,NA,NA,NA,NA,NA,NA,NA,NA
350,merianae,roadkilled,NA,A,NA,NA,11/24/2009,NA,NA,NA,NA,NA,NA,NA,NA,NA,NA,NA,NA,NA,NA,NA,NA,NA
428,merianae,live,NA,A,NA,NA,2/25/2010,NA,NA,NA,NA,NA,NA,NA,NA,NA,NA,NA,NA,NA,NA,NA,NA,NA
483,merianae,hunted,NA,A,NA,NA,10/25/2010,NA,2.2,41.5,72,25,16,9,13,19,NA,NA,NA,NA,NA,NA,NA,NA
485,merianae,hunted,NA,A,NA,NA,10/25/2010,NA,2.55,40,68,27,17.5,8.5,13,18.5,NA,NA,NA,NA,NA,NA,NA,NA
490,rufescens,hunted,NA,E,NA,NA,10/29/2010,NA,1.35,34.5,59,22,14,7.5,10,17,NA,NA,NA,NA,NA,NA,NA,NA
494,merianae,hunted.longcautivity,NA,A,NA,NA,10/29/2010,NA,3,45.5,57,18.5,18.5,8.5,14,20,NA,NA,NA,NA,NA,NA,NA,NA
496,merianae,hunted.longcautivity,NA,A,NA,NA,10/29/2010,NA,1.55,36,19,25.5,15.5,7.5,11,16.5,NA,NA,NA,NA,NA,NA,NA,NA
497,merianae,hunted.longcautivity,NA,A,NA,NA,10/29/2010,NA,1.4,34.5,50,23,14.5,7,11,15,NA,NA,NA,NA,NA,NA,NA,NA
498,merianae,hunted.longcautivity,NA,A,NA,NA,10/29/2010,NA,1.5,36,28,25,16.5,8,12,18,NA,NA,NA,NA,NA,NA,NA,NA
502,merianae,hunted.longcautivity,NA,A,NA,NA,10/29/2010,NA,1.5,35,15,25,16,7.5,12.5,17,NA,NA,NA,NA,NA,NA,NA,NA
503,merianae,hunted.longcautivity,NA,A,NA,NA,11/16/2010,NA,2,40,57,24,16,7.5,11.5,18,NA,NA,NA,NA,NA,NA,NA,NA
504,merianae,hunted.longcautivity,NA,A,NA,NA,11/16/2010,NA,1.8,39,42.5,23.5,16,7.5,12,17,NA,NA,NA,NA,NA,NA,NA,NA
506,merianae,hunted.longcautivity,NA,A,NA,NA,11/16/2010,NA,1.9,38,62,26,16,7.8,11,16.5,NA,NA,NA,NA,NA,NA,NA,NA
509,merianae,hunted,NA,A,NA,NA,11/4/2010,NA,3.2,46,70,29.5,18.5,9.5,13,19.5,1.92,2.885,3.46,NA,NA,NA,NA,166.67
510,merianae,hunted,NA,A,NA,NA,11/4/2010,NA,1.55,36,61,23.5,15,7.5,11,17.5,NA,NA,NA,NA,NA,NA,NA,NA
512,merianae,hunted,NA,A,NA,NA,11/4/2010,NA,1.65,37.5,35,26,15.5,7.5,11,18,NA,NA,NA,NA,NA,NA,NA,NA
514,merianae,hunted,NA,A,NA,NA,11/4/2010,NA,1.7,36.5,64,25,15.5,7,11,17.5,NA,NA,NA,NA,NA,NA,NA,NA
516,merianae,hunted,NA,A,NA,NA,11/4/2010,NA,NA,NA,NA,NA,NA,NA,NA,NA,NA,NA,NA,NA,NA,NA,NA,NA
517,merianae,hunted.longcautivity,NA,A,NA,NA,11/16/2010,NA,2.25,38.5,48,29,18,8,12,17,NA,NA,NA,NA,NA,NA,NA,NA
518,rufescens,hunted.longcautivity,NA,E,NA,NA,11/16/2010,NA,2.3,42.5,74,24.5,16.5,8.5,11.5,19.5,NA,NA,NA,NA,NA,NA,NA,NA
521,rufescens,hunted.longcautivity,NA,E,NA,NA,11/16/2010,NA,1.35,36.5,32,20.5,14.5,7,10,16,NA,NA,NA,NA,NA,NA,NA,NA
526,merianae,hunted,NA,A,NA,NA,11/16/2010,NA,1.8,37,46,27.5,16,7.5,11.5,16.5,NA,NA,NA,NA,NA,NA,NA,NA
527,merianae,hunted,NA,A,NA,NA,11/16/2010,NA,1.8,39,69,22.5,15.5,7.5,10.5,17.5,NA,NA,NA,NA,NA,NA,NA,NA
528,merianae,hunted,NA,A,NA,NA,11/16/2010,NA,1.95,38,64,23,16,8.5,11.5,17.5,NA,NA,NA,NA,NA,NA,NA,NA
533,merianae,hunted.longcautivity,NA,A,NA,NA,11/29/2010,NA,1.75,41,70,21,15,8,10.5,16,NA,NA,NA,NA,NA,NA,NA,NA
537,merianae,hunted.longcautivity,NA,A,NA,NA,11/29/2010,NA,1.8,38,63.5,26.5,15.5,7,11,18.5,NA,NA,NA,NA,NA,NA,NA,NA
540,merianae,hunted.longcautivity,NA,A,NA,NA,11/29/2010,NA,2.3,39.5,68,28,17,8.5,12.5,19,NA,NA,NA,NA,NA,NA,NA,NA
543,merianae,hunted.longcautivity,NA,A,NA,NA,11/29/2010,NA,1.6,37,36,23,16.5,6.5,10.5,17,NA,NA,NA,NA,NA,NA,NA,NA
544,merianae,hunted.longcautivity,NA,A,NA,NA,11/29/2010,NA,1.1,34,28,22,12.5,7,10,16,NA,NA,NA,NA,NA,NA,NA,NA
549,merianae,hunted.longcautivity,NA,A,NA,NA,NA,NA,2.05,41,59,31.5,14.5,7,11,20,NA,NA,NA,NA,NA,NA,NA,NA
550,merianae,hunted.longcautivity,NA,A,NA,NA,NA,NA,2,39,65,30,14.5,7,11,19,NA,NA,NA,NA,NA,NA,NA,NA
551,merianae,hunted.longcautivity,NA,A,NA,NA,NA,NA,1.65,38,10,30,13,6,9.5,19,NA,NA,NA,NA,NA,NA,NA,NA
552,merianae,hunted.longcautivity,NA,A,NA,NA,NA,NA,1.7,36,54,29.5,13.5,6.5,10,17,NA,NA,NA,NA,NA,NA,NA,NA
555,merianae,hunted.longcautivity,NA,A,NA,NA,11/29/2010,NA,1.8,37,62.5,28,13.5,6.5,10.5,17.5,NA,NA,NA,NA,NA,NA,NA,NA
556,merianae,hunted.longcautivity,NA,A,NA,NA,11/29/2010,NA,1.05,35,13,21,14,6.5,10,16,NA,NA,NA,NA,NA,NA,NA,NA
557,merianae,hunted.longcautivity,NA,A,NA,NA,11/29/2010,NA,1.3,34.5,16,23.5,14.5,6.5,10,14,NA,NA,NA,NA,NA,NA,NA,NA
559,rufescens,hunted,NA,E,NA,NA,12/1/2010,NA,1.4,36,57,20.5,14,7,10.5,19,NA,NA,NA,NA,NA,NA,NA,NA
560,rufescens,hunted,NA,E,NA,NA,12/1/2010,NA,2.4,43,58,29.5,17,8.5,12.5,20,NA,NA,NA,NA,NA,NA,NA,NA
561,rufescens,hunted.longcautivity,NA,E,NA,NA,12/13/2010,NA,3.1,44,42,28.5,19,9,13,17.5,NA,NA,NA,NA,NA,NA,NA,NA
563,merianae,hunted.longcautivity,NA,A,NA,NA,12/13/2010,NA,2.45,46,49,25.5,17,9,12.5,21,NA,NA,NA,NA,NA,NA,NA,NA
564,merianae,hunted.longcautivity,NA,A,NA,NA,12/13/2010,NA,2.75,45,72,26.5,18,8.5,13,18,NA,NA,NA,NA,NA,NA,NA,NA
565,merianae,hunted.longcautivity,NA,A,NA,NA,12/13/2010,NA,0.75,29,53,17,11,5.5,8,13.5,NA,NA,NA,NA,NA,NA,NA,NA
566,merianae,hunted.longcautivity,NA,A,NA,NA,12/13/2010,NA,1.7,39.5,60.5,24,15,7.5,10.5,18,NA,NA,NA,NA,NA,NA,NA,NA
567,merianae,hunted.longcautivity,NA,A,NA,NA,12/13/2010,NA,1.85,39,44,25,16,8,12,17.5,NA,NA,NA,NA,NA,NA,NA,NA
571,merianae,hunted.longcautivity,NA,A,NA,NA,12/13/2010,NA,1.95,39,41,28,15.5,7.5,11.5,18,NA,NA,NA,NA,NA,NA,NA,NA
572,merianae,hunted,NA,A,NA,NA,12/13/2010,NA,2.8,46,23,27,18,9.5,13.5,18,NA,NA,NA,NA,NA,NA,NA,NA
574,merianae,hunted,NA,A,NA,NA,12/13/2010,NA,2.8,43,69,30,18,8.5,13,19.5,NA,NA,NA,NA,NA,NA,NA,NA
575,merianae,hunted,NA,A,NA,NA,12/13/2010,NA,2.75,46,67,26,17,9,13,18,NA,NA,NA,NA,NA,NA,NA,NA
576,merianae,hunted,NA,A,NA,NA,12/13/2010,NA,1.8,39.5,17,23.5,16,8,11.5,17,NA,NA,NA,NA,NA,NA,NA,NA
577,merianae,hunted,NA,A,NA,NA,12/13/2010,NA,1.15,34.5,31,19,13.5,6,10,16.5,NA,NA,NA,NA,NA,NA,NA,NA
578,merianae,hunted,NA,A,NA,NA,12/13/2010,NA,1.15,34.5,20,20,14,6.5,10.5,17.5,NA,NA,NA,NA,NA,NA,NA,NA
580,merianae,hunted,NA,A,NA,NA,12/13/2010,NA,2.2,41,67,28,15.5,7.5,11.5,19,NA,NA,NA,NA,NA,NA,NA,NA
582,merianae,hunted,NA,A,NA,NA,12/13/2010,NA,1.85,37.5,67,23,16,7.5,11,17,NA,NA,NA,NA,NA,NA,NA,NA
583,merianae,hunted,NA,A,NA,NA,12/13/2010,NA,2.05,40.5,52,22,16,8,12.5,18,NA,NA,NA,NA,NA,NA,NA,NA
585,merianae,live,NA,A,NA,NA,NA,NA,NA,NA,NA,NA,NA,NA,NA,NA,NA,NA,NA,NA,NA,NA,NA,NA
598,rufescens,hunted,NA,E,NA,NA,1/14/2011,NA,2.65,42.5,56,28.5,17.5,8.5,12,18,NA,NA,NA,NA,NA,NA,NA,NA
600,rufescens,hunted.longcautivity,NA,E,NA,NA,1/25/2011,NA,1,32,56,20,13,6,9,15,NA,NA,NA,NA,NA,NA,NA,NA
716,merianae,hunted,NA,A,NA,NA,11/16/2011,NA,NA,NA,NA,NA,NA,NA,NA,NA,NA,NA,NA,NA,NA,NA,NA,NA
717,merianae,hunted,NA,A,NA,NA,11/16/2011,NA,NA,NA,NA,NA,NA,NA,NA,NA,NA,NA,NA,NA,NA,NA,NA,NA
718,merianae,hunted,NA,A,NA,NA,11/16/2011,NA,NA,NA,NA,NA,NA,NA,NA,NA,NA,NA,NA,NA,NA,NA,NA,NA
